Smiles,Activity
[N-]=[N+]=CC(=O)OC[C@H](N)C(=O)O,0
Br.CN1[C@@H]2CC[C@H]1C[C@@H](OC(=O)C(O)c1ccccc1)C2,0
Brc1c(NC2=NCCN2)ccc2nccnc12,0
Brc1ccccc1,0
C#C[C@]1(O)CC[C@H]2[C@@H]3[C@H](C)CC4=C(CCC(=O)C4)[C@H]3CC[C@@]21C,0
C#C[C@]1(O)CC[C@H]2[C@@H]3CCC4=CC(=O)CC[C@@H]4[C@H]3CC[C@@]21C,0
C#C[C@]1(O)CC[C@H]2[C@@H]3CCC4=CC(=O)CC[C@]4(C)[C@H]3CC[C@@]21C,0
C#C[C@]1(O)CC[C@H]2[C@@H]3CCC4=Cc5oncc5C[C@]4(C)[C@H]3CC[C@@]21C,0
C#C[C@]1(O)CC[C@H]2[C@@H]3CCc4cc(O)ccc4[C@H]3CC[C@@]21C,0
C#C[C@]1(O)CC[C@H]2[C@@H]3CCc4cc(OC)ccc4[C@H]3CC[C@@]21C,0
C#C[C@]1(OC(C)=O)CC[C@H]2[C@@H]3CCC4=C[C@@H](OC(C)=O)CC[C@@H]4[C@H]3CC[C@@]21C,0
C#C[C@]1(OC(C)=O)CC[C@H]2[C@@H]3CCC4=CC(=O)CC[C@@H]4[C@H]3CC[C@@]21C,0
C#CC1(O)CC[C@H]2[C@@H]3CCC4=CC(=O)CC[C@@H]4[C@H]3CC[C@@]21CC,0
C#Cc1nc(Nc2ccc(S(N)(=O)=O)cc2)nc2[nH]cnc12,0
C#Cc1nc(Nc2ccccc2)nc2[nH]cnc12,0
C#CCN(C)[C@H](C)Cc1ccccc1,0
C(=C/c1ccccc1)\CN1CCN(C(c2ccccc2)c2ccccc2)CC1,0
C/C(O)=C(\C#N)C(=O)Nc1cc(Br)ccc1Br,0
C/C=C/C(=O)N(CC)c1ccccc1C,0
C/C=C/C[C@@H](C)[C@@H](O)[C@H]1C(=O)N[C@@H](CC)C(=O)N(C)CC(=O)N(C)[C@@H](CC(C)C)C(=O)N[C@@H](C(C)C)C(=O)N(C)[C@@H](CC(C)C)C(=O)N[C@@H](C)C(=O)N[C@H](C)C(=O)N(C)[C@@H](CC(C)C)C(=O)N(C)[C@@H](CC(C)C)C(=O)N(C)[C@@H](C(C)C)C(=O)N1C,0
C/C=C\c1ccc(O)c(OC)c1,0
C/C=C1\[C@H]2C=C(C)C[C@@]1(N)c1ccc(=O)[nH]c1C2,0
C[C@@](Cc1ccc(O)c(O)c1)(NN)C(=O)O.O,0
C[C@@]12C(=O)OC(=O)[C@]1(C)[C@H]1CC[C@@H]2O1,0
C[C@@H](CO)NC(=O)[C@@H]1C=C2c3cccc4[nH]cc(c34)C[C@H]2N(C)C1,0
C[C@@H](N)[C@H]1CC[C@H](C(=O)Nc2ccncc2)CC1,0
C[C@@H](Nc1c(Nc2ccnc(-c3ccccc3F)c2)c(=O)c1=O)c1ccccc1,0
C[C@@H](Nc1c(Nc2ccnc(-c3ccco3)c2)c(=O)c1=O)c1ccccc1,0
C[C@@H](Nc1c(Nc2ccnc(-c3ccsc3)c2)c(=O)c1=O)c1ccccc1,0
C[C@@H](Nc1c(Nc2ccncc2)c(=O)c1=O)c1ccccc1,0
C[C@@H](O)[C@H](CO)NC(=O)[C@@H]1CSSC[C@H](NC(=O)[C@H](N)Cc2ccccc2)C(=O)N[C@@H](Cc2ccccc2)C(=O)N[C@H](Cc2c[nH]c3ccccc23)C(=O)N[C@@H](CCCCN)C(=O)N[C@@H]([C@@H](C)O)C(=O)N1,0
C[C@@H](O)[C@H]1C(=O)N2C(C(=O)O)=C(S[C@@H]3CN[C@H](C(=O)N(C)C)C3)[C@H](C)[C@H]12,0
C[C@@H](Oc1ccc2ncc(/C=C/C(N)=O)cc2c1)c1c(Cl)ccc(F)c1Cl,0
C[C@@H](Oc1ccc2ncc(C3CC3C(N)=O)cc2c1)c1c(Cl)ccc(F)c1Cl,0
C[C@@H](Oc1ccc2ncccc2c1)c1c(Cl)ccc(F)c1Cl,0
C[C@@H]1[C@H](O)[C@@H](C)/C=C/C=C/C=C/C=C/C=C/C=C/C=C/[C@H](O[C@@H]2O[C@H](C)[C@@H](O)[C@H](N)[C@@H]2O)C[C@@H]2O[C@](O)(C[C@@H](O)C[C@@H](O)[C@H](O)CC[C@@H](O)C[C@@H](O)CC(=O)O[C@H]1C)C[C@H](O)[C@H]2C(=O)O,0
C[C@@H]1[C@H](O)[C@@H](C)/C=C/C=C/CC/C=C/C=C/C=C/C=C/[C@H](O[C@@H]2O[C@H](C)[C@@H](O)[C@H](N)[C@@H]2O)C[C@@H]2O[C@](O)(C[C@@H](O)[C@H](O)CC[C@@H](O)C[C@@H](O)C[C@@H](O)CC(=O)O[C@H]1C)C[C@H](O)[C@H]2C(=O)O,0
C[C@@H]1C/C=C/C=C/C=C/C=C/[C@H](O[C@@H]2O[C@H](C)[C@@H](O)[C@H](N)[C@@H]2O)C[C@@H]2O[C@](O)(C[C@@H](O)C[C@H]3O[C@@H]3/C=C/C(=O)O1)C[C@H](O)[C@H]2C(=O)O,0
C[C@@H]1C[C@@H]([C@H](O)CC2CC(=O)NC(=O)C2)C(=O)[C@@H](C)C1,0
C[C@@H]1C[C@H](N)C[C@H](c2ccncc2NC(=O)c2ccc(F)c(-c3c(F)cccc3F)n2)C1,0
C[C@@H]1C[C@H]1C(=O)N1CCN(c2cnc(C#N)c(-c3cnn(C)c3)n2)C[C@H]1C,0
C[C@@H]1C[C@H]2[C@@H]3CCC4=CC(=O)C=C[C@]4(C)[C@@]3(F)[C@@H](O)C[C@]2(C)[C@@]1(O)C(=O)CO,0
C[C@@H]1C[C@H]2[C@@H]3CCC4=CC(=O)C=C[C@]4(C)[C@@]3(F)[C@@H](O)C[C@]2(C)[C@H]1C(=O)CO,0
C[C@@H]1C[C@H]2[C@@H]3CCC4=CC(=O)C=C[C@]4(C)C3=CC[C@]2(C)[C@H]1C(=O)CN1CCN(c2cc(N3CCCC3)nc(N3CCCC3)n2)CC1,0
C[C@@H]1CC[C@@]2(OC1)O[C@H]1[C@@H](O)[C@H]3[C@@H]4CC[C@H]5C[C@@H](O[C@@H]6O[C@H](CO)[C@H](O[C@@H]7O[C@H](CO)C(O)[C@H](O[C@@H]8OC[C@@H](O)[C@H](O)[C@H]8O)[C@H]7O[C@@H]7O[C@H](CO)[C@H](O)[C@H](O[C@@H]8O[C@H](CO)[C@@H](O)[C@H](O)[C@H]8O)[C@H]7O)[C@H](O)[C@H]6O)[C@H](O)C[C@]5(C)[C@H]4CC[C@]3(C)[C@H]1[C@@H]2C,0
C[C@@H]1CC[C@H]2[C@@H](C)C(=O)O[C@@H]3O[C@]4(C)CC[C@@H]1[C@]32OO4,0
C[C@@H]1CN(c2c(F)c(N)c3c(=O)c(C(=O)O)cn(C4CC4)c3c2F)C[C@H](C)N1,0
C[C@@H]1O[C@@H](O[C@@H]2C=C3CC[C@@H]4[C@H](CC[C@]5(C)[C@@H](c6ccc(=O)oc6)CC[C@]45O)[C@@]3(C)CC2)[C@H](O)[C@H](O)[C@H]1O,0
C[C@@H]1O[C@@H](O[C@H]2C[C@@H](O)[C@]3(CO)[C@H]4[C@H](O)C[C@]5(C)[C@@H](C6=CC(=O)OC6)CC[C@]5(O)[C@@H]4CC[C@]3(O)C2)[C@H](O)[C@H](O)[C@H]1O,0
C[C@](N)(Cc1ccc(O)c(O)c1)C(=O)O,0
C[C@](N)(Cc1ccc(O)cc1)C(=O)O,0
C[C@](O)(CS(=O)(=O)c1ccc(F)cc1)C(=O)Nc1ccc(C#N)c(C(F)(F)F)c1,0
C[C@]1(Cn2ccnn2)[C@H](C(=O)O)N2C(=O)C[C@H]2S1(=O)=O,0
C[C@]12C/C(=C/O)C(=O)C[C@@H]1CC[C@@H]1[C@@H]2CC[C@@]2(C)[C@H]1CC[C@]2(C)O,0
C[C@]12C=CC(=O)C=C1CC[C@@H]1[C@@H]2[C@@H](O)C[C@@]2(C)[C@H]1CC[C@]2(O)C(=O)CO,0
C[C@]12C=CC(=O)C=C1CC[C@@H]1[C@@H]2C(=O)C[C@@]2(C)[C@H]1CC[C@]2(O)C(=O)CO,0
C[C@]12C=CC(=O)C=C1CC[C@H]1[C@@H]3C[C@@H](O)[C@](O)(C(=O)CO)[C@@]3(C)C[C@H](O)[C@@]12F,0
C[C@]12CC[C@@H](O)C[C@@H]1CC[C@@H]1[C@@H]2CC[C@]2(C)C(=O)CC[C@@H]12,0
C[C@]12CC[C@@H]3c4ccc(O)cc4CC[C@H]3[C@@H]1C[C@@H](O)[C@@H]2O,0
C[C@]12CC[C@@H]3c4ccc(O)cc4CC[C@H]3[C@@H]1CC[C@@H]2O,0
C[C@]12CC[C@@H]3c4ccc(O)cc4CC[C@H]3[C@@H]1CCC2=O,0
C[C@]12CC[C@@H]3c4ccc(OC(=O)c5ccccc5)cc4CC[C@H]3[C@@H]1CC[C@@H]2O,0
C[C@]12CC[C@H]3[C@@H](CCC4=CC(=O)CC[C@@]43C)[C@@H]1CC[C@@H]2O,0
C[C@]12CC[C@H]3[C@@H](CCC4=CC(=O)CC[C@@H]43)[C@@H]1CC[C@@H]2O,0
C[C@]12Cc3c[nH]nc3C[C@@H]1CC[C@@H]1[C@@H]2CC[C@@]2(C)[C@H]1CC[C@]2(C)O,0
C[C@]12CCC(=O)C[C@@H]1CC[C@@H]1[C@@H]2CC[C@]2(C)[C@@H](O)CC[C@@H]12,0
C[C@]12CCC(=O)C=C1CC[C@@H]1[C@@H]2[C@@H](O)C[C@@]2(C)[C@H]1CC[C@]2(O)C(=O)CO,0
C[C@]12CCC(=O)C=C1CC[C@@H]1[C@@H]2C(=O)C[C@@]2(C)[C@H]1CC[C@]2(O)C(=O)CO,0
C[C@]12CCC(=O)C=C1CC[C@@H]1[C@@H]2CC[C@@]2(C)[C@H]1CC[C@]2(C)O,0
C[C@H](/C=C\C(F)(F)F)Oc1cc(-c2cc(-c3cc(CN(C)C)cs3)cnc2N)ccc1C(N)=O,1
C[C@H]([C@](O)(Cn1cncn1)c1ccc(F)cc1F)S(C)(=O)=O,0
C[C@H](C(=O)O)c1ccc2oc(-c3ccc(F)cc3)nc2c1,0
C[C@H](C(=O)O)c1cccc(C(=O)c2ccccc2)c1,0
C[C@H](CCC(=O)O)[C@H]1CC[C@H]2[C@@H]3[C@H](O)C[C@@H]4C[C@H](O)CC[C@]4(C)[C@H]3C[C@H](O)[C@]12C,0
C[C@H](CS)C(=O)N1CCC[C@H]1C(=O)O,0
C[C@H](O)CNc1cc(-c2[nH]c3cccnc3c2-c2ccc(F)cc2)ccn1,0
C[C@H]1[C@H](NC(=O)/C(=N\OC(C)(C)C(=O)O)c2csc(N)n2)C(=O)N1S(=O)(=O)O,0
C[C@H]1C[C@@H]2[C@H]([C@@H](O)C[C@@]3(C)[C@H]2CC[C@]3(O)C(=O)CO)[C@@]2(C)C=CC(=O)C=C12,0
C[C@H]1C[C@H]2[C@@H]3CCC4=CC(=O)C=C[C@]4(C)[C@@]3(Cl)[C@@H](O)C[C@]2(C)[C@@]1(O)C(=O)CO,0
C[C@H]1C[C@H]2[C@@H]3CCC4=CC(=O)C=C[C@]4(C)[C@@]3(F)[C@@H](O)C[C@]2(C)[C@@]1(O)C(=O)CO,0
C[C@H]1C[C@H]2[C@@H]3CCC4=CC(=O)C=C[C@]4(C)[C@@]3(F)[C@@H](O)C[C@]2(C)[C@@]1(O)C(=O)COP(=O)(O)O,0
C[C@H]1c2cccc(O)c2C(=O)C2=C(O)[C@]3(O)C(=O)C(C(N)=O)=C(O)[C@@H](N(C)C)[C@@H]3[C@@H](O)[C@@H]21,0
C[C@H]1CC(=O)Nc2cc(C(=O)NCCC3CC3)ccc2N1C(=O)N1CC2CC2C1,0
C[C@H]1CC[C@@H](c2nc(-c3ccc(C(=O)Nc4cc(C(F)(F)F)ccn4)cc3F)c3c(N)nccn23)CN1C(=O)C1CC1,1
C[C@H]1COc2c(N3CCN(C)CC3)c(F)cc3c(=O)c(C(=O)O)cn1c23,0
C[C@H]1O[C@@H](n2cc(F)c(=O)[nH]c2=O)[C@H](O)[C@@H]1O,0
C[C@H]1O[C@@H](O[C@H]2[C@@H](O)C[C@H](O[C@H]3[C@@H](O)C[C@H](O[C@H]4CC[C@@]5(C)[C@H](CC[C@@H]6[C@@H]5C[C@@H](O)[C@]5(C)[C@@H](C7=CC(=O)OC7)CC[C@]65O)C4)O[C@@H]3C)O[C@@H]2C)C[C@H](O)[C@@H]1O,0
C[C@H]1O[C@@H](O[C@H]2[C@@H](O)C[C@H](O[C@H]3[C@@H](O)C[C@H](O[C@H]4CC[C@@]5(C)[C@H](CC[C@@H]6[C@@H]5CC[C@]5(C)[C@@H](C7=CC(=O)OC7)CC[C@]65O)C4)O[C@@H]3C)O[C@@H]2C)C[C@H](O)[C@@H]1O,0
C[C@H]1O[C@H](O[C@H]2[C@H](O)[C@@H](O)[C@@H](O[C@H]3[C@H](O)[C@@H](O)[C@H](O)O[C@@H]3CO)O[C@@H]2CO)[C@H](O)[C@@H](O)[C@@H]1N[C@H]1C=C(CO)[C@@H](O)[C@H](O)[C@H]1O,0
C[N+](C)(C)C[C@H](O)CC(=O)[O-],0
C[N+](C)(C)CCO.[Cl-],0
C[N+](C)(C)CCOC(=O)CCC(=O)OCC[N+](C)(C)C.[Cl-].[Cl-],0
C[N+](C)(C)CCOC(N)=O.[Cl-],0
C[N+](C)(C)CCOP(=O)([O-])OC[C@H](O)CO,0
C[N+]1(C)[C@H]2C[C@H](OC(=O)[C@H](CO)c3ccccc3)C[C@H]1[C@H]1O[C@H]12.[Br-],0
C[n+]1ccc(-c2cc[n+](C)cc2)cc1.[Cl-].[Cl-],0
C[n+]1ccccc1/C=N/O.[Cl-],0
C[S+]([O-])c1ccc(-c2nc(-c3ccc(F)cc3)c(-c3ccncc3)[nH]2)cc1,0
C[S+](C)[O-],0
C=C(C)[C@@H]1[C@H]2OC(=O)[C@@H]1[C@]1(O)C[C@H]3O[C@]34C(=O)O[C@H]2[C@]14C,0
C=C(C)[C@H]1Cc2c(ccc3c2O[C@@H]2COc4cc(OC)c(OC)cc4[C@@H]2C3=O)O1,0
C=C(C)C1(O)OC(=O)C=C1OC,0
C=C(CC)C(=O)c1ccc(OCC(=O)O)c(Cl)c1Cl,0
C=C1/C(=C\C=C2/CCC[C@]3(C)[C@@H]([C@H](C)CCCC(C)C)CC[C@@H]23)C[C@@H](O)C[C@@H]1O,0
C=C1[C@@H]2CCC3[C@@](CC[C@@H]4[C@H](C(=O)O)C[C@@H](O[C@@H]5O[C@H](CO)[C@@H](OS(=O)(=O)[O-])[C@H](OS(=O)(=O)[O-])[C@H]5OC(=O)CC(C)C)C[C@@]34C)(C2)[C@@H]1O.[K+].[K+],0
C=C1C(=O)O[C@H]2[C@H]1CC/C(C)=C/CC[C@@]1(C)O[C@@H]21,0
C=C1CC[C@H](O)C/C1=C/C=C1\CCC[C@]2(C)[C@@H]([C@H](C)/C=C/[C@H](C)C(C)C)CC[C@@H]12,0
C=C1CC[C@H](O)C/C1=C/C=C1\CCC[C@]2(C)[C@@H]([C@H](C)CCCC(C)C)CC[C@@H]12,0
C=CC(=O)N[C@H]1CC[C@@H](n2nc(-c3ccc(Oc4ccccc4)cc3)c3c(N)ncnc32)CC1,1
C=CC(=O)N1CCC(Cn2cc(-c3ccc4c(c3)OCO4)c3c(N)ncnc32)CC1,0
C=CC(=O)N1CCC[C@@H](n2nc(-c3ccc(Oc4ccccc4)cc3)c3c(N)ncnc32)C1,1
C=CC[C@@H]1/C=C(\C)C[C@H](C)C[C@H](OC)[C@H]2O[C@@](O)(C(=O)C(=O)N3CCCC[C@H]3C(=O)O[C@H](/C(C)=C/[C@@H]3CC[C@@H](O)[C@H](OC)C3)[C@H](C)[C@@H](O)CC1=O)[C@H](C)C[C@@H]2OC,0
C=CCC1(C(C)CCC)C(=O)NC(=O)NC1=O,0
C=CCc1ccc(O)c(OC)c1,0
C=CCc1ccc2c(c1)OCO2,0
C=CCN1CC[C@]23c4c5ccc(O)c4O[C@H]2/C(=N/N=C2\CC[C@@]4(O)[C@H]6Cc7ccc(O)c8c7[C@@]4(CCN6CC=C)[C@H]2O8)CC[C@@]3(O)[C@H]1C5,0
C=CCN1CC[C@]23c4c5ccc(O)c4O[C@H]2C(=O)CC[C@@]3(O)[C@H]1C5,0
C=CCO,0
C=CS(=O)(=O)N1CCC[C@@H]1Cn1cc(-c2ccc3c(c2)OCO3)c2c(N)ncnc21,1
c1ccc([C@H]2CN3CCSC3=N2)cc1,0
C1CCC(C(CC2CCCCN2)C2CCCCC2)CC1,0
c1ccc(Cn2ccnc2)cc1,0
c1ccc(CNc2nc(Nc3cc(C4CC4)[nH]n3)c3sccc3n2)cc1,1
c1ccc2[nH]c(-c3cscn3)nc2c1,0
c1ccc2c(c1)c1cccc3ccc4cccc2c4c31,0
c1ccc2c(c1)cc1ccc3cccc4ccc2c1c34,0
c1ccc2c(c1)Nc1ccccc1S2,0
c1ccc2sc(SSc3nc4ccccc4s3)nc2c1,0
C1CCN2C[C@H]3C[C@H](CN4CCCC[C@@H]34)[C@H]2C1,0
c1nc(N2CCC3(CCCCN3)CC2)c2nc[nH]c2n1,0
c1nc(N2CCC3(CCCNC3)CC2)c2nc[nH]c2n1,0
CC#C[C@]1(O)CC[C@H]2[C@@H]3CCC4=CC(=O)CCC4=C3[C@@H](c3ccc(N(C)C)cc3)C[C@@]21C,0
CC#CC(=O)N1CCC[C@H]1c1nc(-c2ccc(C(=O)Nc3ccccn3)cc2)c2c(N)nccn12,0
CC(/C=C1\SC(=S)N(CC(=O)O)C1=O)=C\c1ccccc1,0
CC(=N)S,0
CC(=O)[C@@]1(O)CC[C@H]2[C@@H]3C[C@H](C)C4=CC(=O)C=C[C@]4(C)[C@@]3(F)[C@@H](O)C[C@@]21C,0
CC(=O)[C@@]1(O)CC[C@H]2[C@@H]3C[C@H](C)C4=CC(=O)CC[C@]4(C)[C@H]3CC[C@@]21C,0
CC(=O)[C@@]1(O)CC[C@H]2[C@@H]3CCC4=CC(=O)CC[C@]4(C)[C@H]3CC[C@@]21C,0
CC(=O)[C@]1(O)Cc2c(O)c3c(c(O)c2[C@@H](O[C@H]2C[C@H](N)[C@H](O)[C@H](C)O2)C1)C(=O)c1ccccc1C3=O,0
CC(=O)[C@H]1[C@H](C#N)C[C@H]2[C@@H]3CC=C4C[C@@H](O)CC[C@]4(C)[C@H]3CC[C@@]21C,0
CC(=O)[C@H]1CC[C@H]2[C@@H]3CCC4=CC(=O)CC[C@]4(C)[C@H]3CC[C@]12C,0
CC(=O)CC(c1ccccc1)c1c(O)c2ccccc2oc1=O,0
CC(=O)CCCCn1c(=O)c2c(ncn2C)n(C)c1=O,0
CC(=O)N[C@@H](Cc1ccc(O)c(O)c1)C(=O)N[C@@H](CCC(=O)O)C(=O)N[C@@H](CCC(=O)O)C(=O)N[C@@H](CCC(=O)O)C(=O)O,0
CC(=O)N[C@@H]1[C@H](Oc2c3cc4cc2Oc2ccc(cc2Cl)[C@@H](O[C@@H]2O[C@@H](CO)[C@@H](O)[C@H](O)[C@@H]2NC(C)=O)[C@@H]2NC(=O)[C@H](NC(=O)[C@@H]4NC(=O)[C@H]4NC(=O)[C@@H](Cc5ccc(c(Cl)c5)O3)NC(=O)[C@H](N)c3ccc(O)c(c3)Oc3cc(O)cc4c3)c3ccc(O)c(c3)-c3c(O[C@H]4O[C@H](CO)[C@@H](O)[C@@H](O)[C@@H]4O)cc(O)cc3[C@@H](C(=O)O)NC2=O)O[C@@H](CO)[C@@H](O)[C@@H]1O,0
CC(=O)N1CCN(c2ccc(OCC3COC(Cn4ccnc4)(c4ccc(Cl)cc4Cl)O3)cc2)CC1,0
CC(=O)Nc1c(I)c(NC(C)=O)c(I)c(C(=O)O)c1I,0
CC(=O)Nc1cc(Oc2ccc3c(c2)nc(Nc2cccc(C(C)(C)C)c2)n3C)ccn1,1
CC(=O)Nc1ccc(O)cc1,0
CC(=O)Nc1ccc2c(c1)Cc1ccccc1-2,0
CC(=O)Nc1cccc(O)c1,0
CC(=O)Nc1nnc(S(N)(=O)=O)s1,0
CC(=O)O[C@@]12CO[C@@H]1C[C@H](O)[C@@]1(C)C(=O)[C@H](O)C3=C(C)[C@@H](OC(=O)[C@H](O)[C@@H](NC(=O)OC(C)(C)C)c4ccccc4)C[C@@](O)([C@@H](OC(=O)c4ccccc4)[C@H]21)C3(C)C.O.O.O,0
CC(=O)O[C@]1(C(C)=O)CC[C@H]2[C@@H]3C[C@H](C)C4=CC(=O)CC[C@]4(C)[C@H]3CC[C@@]21C,0
CC(=O)O[C@]1(C(C)=O)CC[C@H]2[C@@H]3C=C(C)C4=CC(=O)CC[C@]4(C)[C@H]3CC[C@@]21C,0
CC(=O)O[C@]1(C(C)=O)CC[C@H]2[C@@H]3C=C(Cl)C4=CC(=O)[C@@H]5C[C@@H]5[C@]4(C)[C@H]3CC[C@@]21C,0
CC(=O)O[C@]1(C(C)=O)CC[C@H]2[C@@H]3C=C(Cl)C4=CC(=O)CC[C@]4(C)[C@H]3CC[C@@]21C,0
CC(=O)O[C@H]1C(=O)[C@@]2(C)[C@H]([C@H](OC(=O)c3ccccc3)[C@]3(O)C[C@H](OC(=O)[C@H](O)[C@@H](NC(=O)c4ccccc4)c4ccccc4)C(C)=C1C3(C)C)[C@]1(OC(C)=O)CO[C@@H]1C[C@@H]2O,0
CC(=O)O[C@H]1C[C@@H]2CC[C@@H]3[C@H](CC[C@@]4(C)[C@H]3C[C@H]([N+]3(C)CCCCC3)[C@@H]4OC(C)=O)[C@@]2(C)C[C@@H]1N1CCCCC1.[Br-],0
CC(=O)OC[C@H]1O[C@@H](n2ncc(=O)[nH]c2=O)[C@H](OC(C)=O)[C@@H]1OC(C)=O,0
CC(=O)Oc1ccc(C(c2ccc(OC(C)=O)cc2)c2ccccn2)cc1,0
CC(=O)Oc1ccccc1C(=O)O,0
CC(=O)OCC(=O)[C@@]1(O)CC[C@H]2[C@@H]3CCC4=CC(=O)CC[C@]4(C)[C@@]3(F)[C@@H](O)C[C@@]21C,0
CC(=O)OCC(=O)[C@@]1(O)CC[C@H]2[C@@H]3CCC4=CC(=O)CC[C@]4(C)[C@H]3C(=O)C[C@@]21C,0
CC(=O)OCC(=O)[C@@]1(OC(C)=O)[C@@H](C)C[C@H]2[C@@H]3C[C@H](F)C4=CC(=O)C=C[C@]4(C)[C@@]3(F)[C@@H](O)C[C@@]21C,0
CC(=O)OCC(=O)[C@@]12OC(C)(C)O[C@@H]1C[C@H]1[C@@H]3C[C@H](F)C4=CC(=O)C=C[C@]4(C)[C@@]3(F)[C@@H](O)C[C@@]12C,0
CC(=O)OCC(CCn1cnc2cnc(N)nc21)COC(C)=O,0
CC(=O)OCC(COC(C)=O)OC(C)=O,0
CC(=O)S[C@@H]1CC2=CC(=O)CC[C@]2(C)[C@H]2CC[C@@]3(C)[C@@H](CC[C@@]34CCC(=O)O4)[C@H]12,0
CC(C(=O)O)c1ccc(-c2ccccc2)c(F)c1,0
CC(C(=O)O)c1ccc(CC2CCCC2=O)cc1,0
CC(C(=O)O)c1ccc2oc(-c3ccc(Cl)cc3)nc2c1,0
CC(C(=O)O)c1cccc(C(=O)c2ccccc2)c1,0
CC(C(=O)O)c1cccc(Oc2ccccc2)c1,0
CC(C)(C#N)c1cc(Cn2cncn2)cc(C(C)(C)C#N)c1,0
CC(C)(C(=O)c1cccnc1)c1cccnc1,0
CC(C)(C(=O)O)c1ccc(C(O)CCCN2CCC(C(O)(c3ccccc3)c3ccccc3)CC2)cc1,0
CC(C)(C)c1ccc(C(=O)CCCN2CCC(OC(c3ccccc3)c3ccccc3)CC2)cc1,1
CC(C)(C)c1ccc(C(O)CCCN2CCC(C(O)(c3ccccc3)c3ccccc3)CC2)cc1,0
CC(C)(C)c1ccc(S(=O)(=O)/C=C/C#N)cc1,0
CC(C)(C)c1nc2c3ccc(F)cc3c3c(=O)[nH]ccc3c2[nH]1,1
CC(C)(C)CC(C)(C)c1ccc(OCCOCC[N+](C)(C)Cc2ccccc2)cc1.[Cl-],1
CC(C)(C)n1nc(-c2ccc(Cl)cc2)c2c(N)ncnc21,1
CC(C)(C)n1nc(-c2cccc3ccccc23)c2c(N)ncnc21,1
CC(C)(C)n1nc(Cc2cccc3ccccc23)c2c(N)ncnc21,0
CC(C)(C)NC(=O)[C@@H]1C[C@@H]2CCCC[C@@H]2CN1C[C@@H](O)[C@H](Cc1ccccc1)NC(=O)[C@H](CC(N)=O)NC(=O)c1ccc2ccccc2n1,0
CC(C)(C)NC(=O)[C@@H]1CN(Cc2cccnc2)CCN1C[C@@H](O)C[C@@H](Cc1ccccc1)C(=O)N[C@H]1c2ccccc2C[C@H]1O,0
CC(C)(C)NC(=O)[C@H]1CC[C@H]2[C@@H]3CC[C@H]4NC(=O)C=C[C@]4(C)[C@H]3CC[C@]12C,0
CC(C)(C)NC[C@H](O)COc1cccc2c1CCCC2=O,0
CC(C)(C)NC[C@H](O)COc1nsnc1N1CCOCC1,0
CC(C)(C)NCC(O)c1cc(Cl)c(N)c(Cl)c1,0
CC(C)(C)NCC(O)c1cc(O)cc(O)c1,0
CC(C)(C)NCC(O)c1ccc(O)c(CO)c1,0
CC(C)(C)NCC(O)COc1cccc2c1C[C@H](O)[C@H](O)C2,0
CC(C)(C)OC(=O)N1CCC(n2ncc3c(N4CCOCC4)nc(-c4ccc(N)cc4)nc32)CC1,0
CC(C)(c1ccc(O)cc1)c1ccc(O)cc1,0
CC(C)(CO)C(O)C(=O)NCCCO,0
CC(C)(O)c1ccccc1CC[C@@H](SCC1(CC(=O)O)CC1)c1cccc(/C=C/c2ccc3ccc(Cl)cc3n2)c1,0
CC(C)(Oc1ccc(C2CC2(Cl)Cl)cc1)C(=O)O,0
CC(C)(Oc1ccc(C2CCCc3ccccc32)cc1)C(=O)O,0
CC(C)(Oc1ccc(CCNC(=O)c2ccc(Cl)cc2)cc1)C(=O)O,0
CC(C)(Oc1ccc(Cl)cc1)C(=O)O,0
CC(C)(S)[C@@H](N)C(=O)O,0
CC(C)(Sc1cc(C(C)(C)C)c(O)c(C(C)(C)C)c1)Sc1cc(C(C)(C)C)c(O)c(C(C)(C)C)c1,0
CC(C)[C@@]1(NC(=O)[C@@H]2C[C@@H]3c4cccc5[nH]cc(c45)C[C@H]3N(C)C2)O[C@@]2(O)[C@@H]3CCCN3C(=O)[C@H](Cc3ccccc3)N2C1=O.CS(=O)(=O)O,0
CC(C)[C@H](N)C(=O)OCCOCn1cnc2c(=O)nc(N)[nH]c21,0
CC(C)[C@H]1C(=O)N2CCC[C@H]2[C@]2(O)O[C@](NC(=O)[C@@H]3C=C4c5cccc6[nH]cc(c56)C[C@H]4N(C)C3)(C(C)C)C(=O)N12,0
CC(C)[C@H]1CC[C@H](C(=O)N[C@H](Cc2ccccc2)C(=O)O)CC1,0
CC(C)=CCC/C(C)=C/CO,0
CC(C)C(=O)N1CCC[C@@H](c2nc(-c3ccc(C(=O)Nc4cc(C(F)(F)F)ccn4)cc3F)c3c(N)nccn23)C1,1
CC(C)C(=O)N1CCO[C@@H](c2nc(-c3ccc(C(=O)Nc4cc(C(F)(F)F)ccn4)cc3F)c3c(N)nccn23)C1,0
CC(C)C(=O)Nc1ccc([N+](=O)[O-])c(C(F)(F)F)c1,0
CC(C)C(Br)C(=O)NC(N)=O,0
CC(C)C[C@H](NC(=O)[C@@H](O)[C@H](N)Cc1ccccc1)C(=O)O,0
CC(C)C[C@H]1C(=O)N2CCC[C@H]2[C@]2(O)O[C@](NC(=O)[C@@H]3C=C4c5cccc6[nH]c(Br)c(c56)C[C@H]4N(C)C3)(C(C)C)C(=O)N12,0
CC(C)C[C@H]1C(=O)N2CCC[C@H]2[C@]2(O)O[C@](NC(=O)[C@@H]3C=C4c5cccc6[nH]cc(c56)C[C@H]4N(C)C3)(C(C)C)C(=O)N12,0
CC(C)C[C@H]1CN(c2ccc(C(F)(F)F)c(C(=O)c3cccnc3N)n2)CCN1,0
CC(C)c1c(C(=O)Nc2ccccc2)c(-c2ccccc2)c(-c2ccc(F)cc2)n1CC[C@@H](O)C[C@@H](O)CC(=O)O,0
CC(C)c1cccc(C(C)C)c1O,0
CC(C)c1nc(CN(C)C(=O)N[C@H](C(=O)N[C@@H](Cc2ccccc2)C[C@H](O)[C@H](Cc2ccccc2)NC(=O)OCc2cncs2)C(C)C)cs1,0
CC(C)CC(N(C)C)C1(c2ccc(Cl)cc2)CCC1,0
CC(C)Cc1ccc([C@@H](C)C(=O)O)cc1,0
CC(C)Cc1ccc([C@H](C)C(=O)O)cc1,0
CC(C)Cc1ccc(C(C)C(=O)O)cc1,0
CC(C)CCCCC(=O)N[C@@H](CCN)C(=O)N[C@@H](CN[C@@H](CCN)C(=O)N[C@H]1CCNC(=O)[C@H]([C@@H](C)O)NC(=O)[C@H](CCN)NC(=O)[C@H](CCN)NC(=O)[C@H](CC(C)C)NC(=O)[C@@H](CC(C)C)NC(=O)[C@H](CCN)NC1=O)[C@@H](C)O.CCC(C)CCCCC(=O)N[C@@H](CCN)C(=O)N[C@@H](CN[C@@H](CCN)C(=O)N[C@H]1CCNC(=O)[C@H]([C@@H](C)O)NC(=O)[C@H](CCN)NC(=O)[C@H](CCN)NC(=O)[C@H](CC(C)C)NC(=O)[C@@H](CC(C)C)NC(=O)[C@H](CCN)NC1=O)[C@@H](C)O,1
CC(C)CN(C[C@@H](O)[C@H](Cc1ccccc1)NC(=O)O[C@H]1CCOC1)S(=O)(=O)c1ccc(N)cc1,0
CC(C)Cn1cnc2c(N)nc3ccccc3c21,0
CC(C)n1c(/C=C/C(O)CC(O)CC(=O)O)c(-c2ccc(F)cc2)c2ccccc21,0
CC(C)N1CCN(c2ccc(OC[C@H]3CO[C@](Cn4cncn4)(c4ccc(Cl)cc4Cl)O3)cc2)CC1,0
CC(C)NC[C@@H](O)COc1cccc2ccccc12,0
CC(C)NC[C@H](O)COc1cccc2[nH]ccc12,0
CC(C)NC[C@H](O)COc1cccc2ccccc12,0
CC(C)NCC(O)c1ccc(NS(C)(=O)=O)cc1,0
CC(C)NCC(O)c1ccc(O)c(O)c1,0
CC(C)NCC(O)c1ccccc1Cl,0
CC(C)NCC(O)COc1ccc(CC(N)=O)cc1,0
CC(C)NCC(O)COc1cccc2[nH]ccc12,0
CC(C)NCC(O)COc1cccc2ccccc12,0
CC(C)NNC(=O)c1ccncc1,0
CC(C)OC(=O)C(C)(C)Oc1ccc(C(=O)c2ccc(Cl)cc2)cc1,0
CC(C)Oc1ccc2c(=O)c(-c3ccccc3)coc2c1,0
CC(c1cc2ccccc2s1)N(O)C(N)=O,0
CC(CCc1ccc(O)cc1)NCCc1ccc(O)c(O)c1,0
CC(CCc1ccccc1)NCC(O)c1ccc(O)c(C(N)=O)c1,0
CC(CN1c2ccccc2Sc2ccccc21)N(C)C,0
CC(N)C12CC3CC(CC(C3)C1)C2,0
CC(N)Cc1c[nH]c2ccc(OCc3cccs3)cc12,0
CC(NC(C)(C)C)C(=O)c1cccc(Cl)c1,0
CC(O)(P(=O)(O)O)P(=O)(O)O,0
CC(O)C(=O)O,0
CC(O)CO,0
CC(O)COC[C@H]1O[C@@H]2O[C@H]3[C@H](O)[C@@H](O)[C@@H](O[C@H]4[C@H](O)[C@@H](O)[C@@H](O[C@H]5[C@H](O)[C@@H](O)[C@@H](O[C@H]6[C@H](O)[C@@H](O)[C@@H](O[C@H]7[C@H](O)[C@@H](O)[C@@H](O[C@H]8[C@H](O)[C@@H](O)[C@@H](O[C@H]1[C@H](O)[C@H]2O)O[C@@H]8COCC(C)O)O[C@@H]7COCC(C)O)O[C@@H]6COCC(C)O)O[C@@H]5COCC(C)O)O[C@@H]4COCC(C)O)O[C@@H]3COCC(C)O,0
CC/C(=C(/CC)c1ccc(O)cc1)c1ccc(O)cc1,0
CC/C(=C(\c1ccccc1)c1ccc(OCCN(C)C)cc1)c1ccccc1,0
CC[C@@]1(O)C(=O)OCc2c1cc1n(c2=O)Cc2cc3c(CN(C)C)c(O)ccc3nc2-1,0
CC[C@@]1(O)C(=O)OCc2c1cc1n(c2=O)Cc2cc3ccccc3nc2-1,0
CC[C@@]1(O)C[C@H](O[C@H]2C[C@H](N(C)C)[C@H](O[C@H]3C[C@H](O)[C@H](O[C@H]4CCC(=O)[C@H](C)O4)[C@H](C)O3)[C@H](C)O2)c2c(cc3c(c2O)C(=O)c2c(O)cccc2C3=O)[C@H]1C(=O)OC,0
CC[C@@H](C(=O)[C@@H](C)[C@@H](O)[C@H](C)[C@@H]1O[C@@H]([C@@H](CC)C(=O)O)CC[C@@H]1C)[C@H]1O[C@]2(C=C[C@@H](O)[C@]3(CC[C@@](C)([C@H]4CC[C@](O)(CC)[C@H](C)O4)O3)O2)[C@H](C)C[C@@H]1C,0
CC[C@@H](CO)NC(=O)[C@@H]1C=C2c3cccc4[nH]cc(c34)C[C@H]2N(C)C1,0
CC[C@@H](CO)NC(=O)[C@@H]1C=C2c3cccc4c3c(cn4C)C[C@H]2N(C)C1,0
CC[C@@H](CO)NCCN[C@@H](CC)CO,0
CC[C@]1(O)C[C@@H]2CN(CCc3c([nH]c4ccccc34)[C@@](C(=O)OC)(c3cc4c(cc3OC)N(C)[C@H]3[C@@](O)(C(=O)OC)[C@H](OC(C)=O)[C@]5(CC)C=CCN6CC[C@]43[C@@H]65)C2)C1,0
CC[C@]1(O)C[C@@H]2CN(CCc3c([nH]c4ccccc34)[C@@](C(=O)OC)(c3cc4c(cc3OC)N(C)[C@H]3[C@@](O)(C(N)=O)[C@H](O)[C@]5(CC)C=CCN6CC[C@]43[C@@H]65)C2)C1,0
CC[C@]1(O)C[C@H]2CN(CCc3c([nH]c4ccccc34)[C@@](C(=O)OC)(c3cc4c(cc3OC)N(C=O)[C@H]3[C@@](O)(C(=O)OC)[C@H](OC(C)=O)[C@]5(CC)C=CCN6CC[C@]43[C@@H]65)C2)C1,0
CC[C@]1(O)CC[C@H]2[C@@H]3CCC4=CCCC[C@@H]4[C@H]3CC[C@@]21C,0
CC[C@H](C)[C@@H](CO[C@@H](Cc1ccccc1)C(=O)N[C@@H](CCS(C)(=O)=O)C(=O)OC(C)C)NC[C@@H](N)CS,1
CC[C@H](C)[C@H](N)C1=N[C@H](C(=O)N[C@@H](CC(C)C)C(=O)N[C@H](CCC(=O)O)C(=O)N[C@H](C(=O)N[C@H]2CCCCNC(=O)[C@H](CC(N)=O)NC(=O)[C@@H](CC(=O)O)NC(=O)[C@H](Cc3cnc[nH]3)NC(=O)[C@@H](Cc3ccccc3)NC(=O)[C@H]([C@@H](C)CC)NC(=O)[C@@H](CCCN)NC2=O)[C@@H](C)CC)CS1,0
CC[C@H](C)[C@H](NC(=O)[C@H](CCC(=O)O)NC(=O)[C@H](C)NC(=O)[C@H](Cc1ccc(O)cc1)NC(C)=O)C(=O)N[C@@H](CCC(=O)O)C(=O)O,0
CC[C@H](C)[C@H](NC(=O)[C@H](CCC(=O)O)NC(=O)[C@H](CCC(=O)O)NC(=O)[C@H](Cc1ccc(O)c(O)c1)NC(=O)/C=C/c1ccc(O)c(O)c1)C(=O)N[C@@H](CCC(=O)O)C(=O)O,0
CC[C@H](C)[C@H](NC(=O)[C@H](CCC(=O)O)NC(=O)[C@H](CCC(=O)O)NC(=O)[C@H](Cc1ccc(O)cc1)NC(=O)/C=C/c1ccc(O)c(O)c1)C(=O)N[C@@H](CCC(=O)O)C(=O)O,0
CC[C@H](C)[C@H](NC(=O)[C@H](CCC(=O)O)NC(=O)[C@H](CCC(=O)O)NC(=O)[C@H](Cc1ccc(O)cc1)NC(C)=O)C(=O)N[C@@H](CCC(=O)O)C(=O)O,0
CC[C@H](C)[C@H](NC(=O)[C@H](CCC(=O)O)NC(=O)[C@H](CCC(=O)O)NC(=O)[C@H](Cc1ccc(OP(=O)(O)O)cc1)N/C=C/c1ccc(O)c(O)c1)C(=O)N[C@@H](CCC(=O)O)C(=O)O,1
CC[C@H](C)[C@H](NC(=O)[C@H](CCC(=O)O)NC(=O)[C@H](CCC(=O)O)NC(=O)[C@H](Cc1ccc(OP(=O)(O)O)cc1)NC(C)=O)C(=O)N[C@@H](CCC(=O)O)C(=O)O,0
CC[C@H](C)[C@H](NC(=O)[C@H](CCC(=O)O)NC(=O)[C@H](CCC(=O)O)NC(=O)[C@H](Cc1ccc(OP(=O)(O)O)cc1)NOC(=O)Cc1cc(=O)oc2cc(O)ccc12)C(=O)N[C@@H](CCC(=O)O)C(=O)O,1
CC[C@H](C)[C@H](NC(=O)[C@H](CCC(=O)O)NC(=O)[C@H](CCC(=O)O)NC(=O)C(Cc1ccc(O)c(O)c1)NOC(=O)CC1=CCC(=O)c2cc(O)ccc21)C(=O)N[C@@H](CCC(=O)O)C(=O)O,0
CC[C@H](C)[C@H]1O[C@]2(C=C[C@@H]1C)C[C@@H]1C[C@@H](C/C=C(\C)[C@@H](O[C@H]3C[C@H](OC)[C@@H](O[C@H]4C[C@H](OC)[C@@H](O)[C@H](C)O4)[C@H](C)O3)[C@@H](C)/C=C/C=C3\CO[C@@H]4[C@H](O)C(C)=C[C@@H](C(=O)O1)[C@]34O)O2.CO[C@H]1C[C@H](O[C@H]2[C@H](C)O[C@@H](O[C@@H]3/C(C)=C/C[C@@H]4C[C@@H](C[C@]5(C=C[C@H](C)[C@@H](C(C)C)O5)O4)OC(=O)[C@@H]4C=C(C)[C@@H](O)[C@H]5OC/C(=C\C=C\[C@@H]3C)[C@]54O)C[C@@H]2OC)O[C@@H](C)[C@@H]1O,0
CC[C@H](C)[C@H]1O[C@]2(CC[C@@H]1C)C[C@@H]1C[C@@H](C/C=C(\C)[C@@H](O[C@H]3C[C@H](OC)[C@@H](O[C@H]4C[C@H](OC)[C@@H](O)[C@H](C)O4)[C@H](C)O3)[C@@H](C)/C=C/C=C3\CO[C@@H]4[C@H](O)C(C)=C[C@@H](C(=O)O1)[C@]34O)O2.CO[C@H]1C[C@H](O[C@H]2[C@H](C)O[C@@H](O[C@@H]3/C(C)=C/C[C@@H]4C[C@@H](C[C@]5(CC[C@H](C)[C@@H](C(C)C)O5)O4)OC(=O)[C@@H]4C=C(C)[C@@H](O)[C@H]5OC/C(=C\C=C\[C@@H]3C)[C@]54O)C[C@@H]2OC)O[C@@H](C)[C@@H]1O,0
CC[C@H](C)C(=O)O[C@H]1C[C@@H](C)C=C2C=C[C@H](C)[C@H](CC[C@@H]3C[C@@H](O)CC(=O)O3)[C@H]21,0
CC[C@H](C)C(=O)O[C@H]1C[C@H](O)C=C2C=C[C@H](C)[C@H](CC[C@@H](O)C[C@@H](O)CC(=O)O)[C@H]21,0
CC[C@H](C)C(=O)O[C@H]1CCC=C2C=C[C@H](C)[C@H](CC[C@@H]3C[C@@H](O)CC(=O)O3)[C@H]21,0
CC[C@H]1CN2CCc3cc(OC)c(OC)cc3[C@@H]2C[C@@H]1C[C@H]1NCCc2cc(OC)c(OC)cc21,0
CC[C@H]1OC(=O)[C@H](C)[C@@H](O[C@H]2C[C@@](C)(OC)[C@@H](O)[C@H](C)O2)[C@H](C)[C@@H](O[C@@H]2O[C@H](C)C[C@H](N(C)C)[C@H]2O)[C@](C)(O)C[C@@H](C)/C(=N\OCOCCOC)[C@H](C)[C@@H](O)[C@]1(C)O,0
CC[C@H]1OC(=O)[C@H](C)[C@@H](O[C@H]2C[C@@](C)(OC)[C@@H](O)[C@H](C)O2)[C@H](C)[C@@H](O[C@@H]2O[C@H](C)C[C@H](N(C)C)[C@H]2O)[C@](C)(O)C[C@@H](C)C(=O)[C@H](C)[C@@H](O)[C@]1(C)O,0
CC[C@H]1OC(=O)[C@H](C)[C@@H](O[C@H]2C[C@@](C)(OC)[C@@H](O)[C@H](C)O2)[C@H](C)[C@@H](O[C@@H]2O[C@H](C)C[C@H](N(C)C)[C@H]2O)[C@](C)(O)C[C@@H](C)CN(C)[C@H](C)[C@@H](O)[C@]1(C)O,0
CC[C@H]1OC(=O)[C@H](C)[C@@H](O[C@H]2C[C@@](C)(OC)[C@@H](O)[C@H](C)O2)[C@H](C)[C@@H](O[C@@H]2O[C@H](C)C[C@H](N(C)C)[C@H]2O)[C@](C)(OC)C[C@@H](C)C(=O)[C@H](C)[C@@H](O)[C@]1(C)O,0
CC[N+](CC)(CC)CCOc1cccc(OCC[N+](CC)(CC)CC)c1OCC[N+](CC)(CC)CC.[I-].[I-].[I-],0
CC[N+]1(CCOC(=O)C(O)(c2ccccc2)c2ccccc2)CCCCC1.[Br-],0
CC1(C(=O)N2CCC[C@@H](c3nc(-c4ccc(C(=O)Nc5cc(C(F)(F)F)ccn5)cc4F)c4c(N)nccn34)C2)COC1,1
CC1(C)[C@@H](O[C@H]2O[C@H](C(=O)O)[C@@H](O)[C@H](O)[C@H]2O[C@@H]2O[C@H](C(=O)O)[C@@H](O)[C@H](O)[C@H]2O)CC[C@]2(C)[C@H]3C(=O)C=C4[C@@H]5C[C@@](C)(C(=O)O)CC[C@]5(C)CC[C@@]4(C)[C@]3(C)CC[C@@H]12,0
CC1(C)[C@@H]2CC[C@@]1(C)C(=O)C2,0
CC1(C)[C@H](C(=O)O)N2C(=O)C[C@H]2S1(=O)=O,0
CC1(C)[C@H]2CC[C@]1(C)C(=O)C2,0
CC1(C)CC(NC(=O)c2cccc(-c3cc4nccc(Nc5cccc(O)c5)n4n3)c2)CC(C)(C)N1[O],1
CC1(C)O[C@@H]2C[C@H]3[C@@H]4C[C@H](F)C5=CC(=O)C=C[C@]5(C)[C@@]4(F)[C@@H](O)C[C@]3(C)[C@]2(C(=O)CO)O1,0
CC1(C)O[C@@H]2C[C@H]3[C@@H]4C[C@H](F)C5=CC(=O)C=C[C@]5(C)[C@H]4[C@@H](O)C[C@]3(C)[C@]2(C(=O)CO)O1,0
CC1(C)O[C@@H]2C[C@H]3[C@@H]4C[C@H](F)C5=CC(=O)CC[C@]5(C)[C@H]4[C@@H](O)C[C@]3(C)[C@]2(C(=O)CO)O1,0
CC1(C)O[C@@H]2C[C@H]3[C@@H]4CCC5=CC(=O)C=C[C@]5(C)[C@@]4(F)[C@@H](O)C[C@]3(C)[C@]2(C(=O)CO)O1,0
CC1(C)O[C@@H]2C[C@H]3[C@@H]4CCC5=CC(=O)CC[C@]5(C)[C@@]4(F)[C@@H](O)C[C@]3(C)[C@]2(C(=O)CCl)O1,0
CC1(C)OC(=O)N2C[C@H](c3nc(-c4ccc(C(=O)Nc5cc(C(F)(F)F)ccn5)cc4)c4c(N)nccn34)CC[C@H]21,1
CC1(C)OCC(=O)Nc2cc(Nc3nc(NCC(F)(F)F)c4occc4n3)ccc21,1
CC1(C)S[C@@H]2[C@H](NC(=O)[C@H](N)c3ccc(O)cc3)C(=O)N2[C@H]1C(=O)O,0
CC1(C)S[C@@H]2[C@H](NC(=O)[C@H](N)c3ccccc3)C(=O)N2[C@H]1C(=O)O,0
CC1(C)S[C@@H]2[C@H](NC(=O)[C@H](NC(=O)N3CCNC3=O)c3ccccc3)C(=O)N2[C@H]1C(=O)O,0
CC1(C)S[C@@H]2[C@H](NC(=O)Cc3ccccc3)C(=O)N2[C@H]1C(=O)O,0
CC1(COc2ccc(CC3SC(=O)NC3=O)cc2)CCCCC1,0
Cc1[nH]c(=O)c(C#N)cc1-c1ccncc1,0
Cc1[nH]cnc1-c1[nH]ccc2c3ccccc3nc1-2,0
Cc1[nH]cnc1CN1CCc2c(c3ccccc3n2C)C1=O,0
CC1=C(/C=C/C(C)=C/C=C/C(C)=C/C(=O)O)C(C)(C)CCC1,0
CC1=C(/C=C/C(C)=C/C=C/C(C)=C\C(=O)O)C(C)(C)CCC1,0
CC1=C(C(=O)O)N2C(=O)[C@@H](NC(=O)[C@H](N)c3ccccc3)[C@H]2SC1,0
CC1=C(CC(=O)O)c2cc(F)ccc2/C1=C\c1ccc([S+](C)[O-])cc1,0
CC1=C(CC(=O)O)c2cc(F)ccc2/C1=C\c1ccc(S(C)(=O)=O)cc1,0
CC1=C2C(=CO[C@H](C)[C@H]2C)C(O)=C(C(=O)O)C1=O,0
CC1=CC(=O)C(=O)C=C1C,0
CC1=Nc2ccc(Cl)cc2S(=O)(=O)N1,0
CC1=NN(c2ccccc2)C(=O)C1,0
CC12CCC(CC1)C(C)(C)O2,0
Cc1c(C)c2c(c(C)c1O)CC[C@@](C)(CCC[C@H](C)CCC[C@H](C)CCCC(C)C)O2,0
Cc1c(C)c2c(c(C)c1O)CCC(C)(CN1CCN(c3cc(N4CCCC4)nc(N4CCCC4)n3)CC1)O2,0
Cc1c(C)c2c(c(C)c1O)CCC(C)(COc1ccc(CC3SC(=O)NC3=O)cc1)O2,0
Cc1c(-c2ccccc2)oc2c(C(=O)OCCN3CCCCC3)cccc2c1=O,0
Cc1c(F)c(N2CCNC(C)C2)cc2c1c(=O)c(C(=O)O)cn2C1CC1,0
Cc1c(N(C)CS(=O)(=O)[O-])c(=O)n(-c2ccccc2)n1C.[Na+],0
Cc1c(N)nc([C@H](CC(N)=O)NC[C@H](N)C(N)=O)nc1C(=O)N[C@H](C(=O)N[C@H](C)[C@@H](O)[C@H](C)C(=O)N[C@H](C(=O)NCCc1nc(-c2nc(C(=O)NCCC[S+](C)C)cs2)cs1)[C@@H](C)O)[C@@H](O[C@@H]1O[C@@H](CO)[C@@H](O)[C@H](O)[C@@H]1O[C@H]1O[C@H](CO)[C@@H](O)[C@H](OC(N)=O)[C@@H]1O)c1c[nH]cn1.[Br-],0
Cc1c(Nc2c(C#N)cnc3sc(/C=C/C(=O)N4CCCC4)cc23)ccc2[nH]ccc12,1
Cc1c(Nc2c(C#N)cncc2/C=C/c2cccc(S(=O)(=O)N3CCN(C)CC3)c2)ccc2[nH]ccc12,1
Cc1c(Nc2c(C#N)cncc2/C=C/CCN2CCC[C@@H](N)C2)ccc2[nH]ccc12,0
Cc1c(O)c(=O)ccn1C,0
Cc1c(O)cccc1C(=O)N[C@@H](CSc1ccccc1)[C@H](O)CN1C[C@H]2CCCC[C@H]2C[C@H]1C(=O)NC(C)(C)C,0
Cc1c(OCC(F)(F)F)ccnc1C[S+]([O-])c1nc2ccccc2[nH]1,0
Cc1c2c(n3c1CCCN1CCC[C@@H]1CNc1cc-3ccc1C(N)=O)CC(C)(C)CC2=O,0
Cc1c2oc3c(C)ccc(C(=O)N[C@@H]4C(=O)N[C@H](C(C)C)C(=O)N5CCC[C@H]5C(=O)N(C)CC(=O)N(C)[C@@H](C(C)C)C(=O)O[C@@H]4C)c3nc-2c(C(=O)N[C@@H]2C(=O)N[C@H](C(C)C)C(=O)N3CCC[C@H]3C(=O)N(C)CC(=O)N(C)[C@@H](C(C)C)C(=O)O[C@@H]2C)c(N)c1=O,0
Cc1cc(=O)n(-c2ccccc2)n1C,0
Cc1cc(C(C#N)c2ccc(Cl)cc2)c(Cl)cc1NC(=O)c1cc(I)cc(I)c1O,1
Cc1cc(C(C)(C)C)c(O)c(C)c1CC1=NCCN1,0
Cc1cc(C)nc(NS(=O)(=O)c2ccc(N)cc2)n1,0
Cc1cc(C2CCCCC2)n(O)c(=O)c1,0
Cc1cc(Nc2nc3ccc(C(=O)Nc4c(C)cccc4Cl)cc3s2)nc(NCCO)n1,1
Cc1cc(Nc2ncc(C(=O)Nc3c(C)cccc3Cl)s2)nc(C)n1,1
Cc1cc(Nc2nccc(C)n2)cc(-c2cnc([C@@]3(O)CC[C@H](C(=O)O)C(C)(C)C3)s2)c1,0
Cc1cc(NS(=O)(=O)c2ccc(N)cc2)no1,0
Cc1cc(O)cc(C)c1Cl,0
CC1CC(OC(=O)C(O)c2ccccc2)CC(C)(C)C1,0
Cc1cc2c(OCC(CNC(C)(C)C)OC(=O)c3ccccc3)cccc2[nH]1,0
Cc1cc2c(s1)Nc1ccccc1N=C2N1CCN(C)CC1,0
Cc1cc2cc3c(C)cc(=O)oc3c(C)c2o1,0
CC1Cc2ccccc2N1NC(=O)c1ccc(Cl)c(S(N)(=O)=O)c1,0
Cc1cc2cn[nH]c2cc1-c1cccc2c(N)c(C(N)=O)nnc12,0
Cc1ccc(/N=C/N(C)/C=N/c2ccc(C)cc2C)c(C)c1,0
Cc1ccc(C(=O)C(C)CN2CCCCC2)cc1,0
Cc1ccc(C(=O)c2ccc(CC(=O)O)n2C)cc1,0
Cc1ccc(C(=O)Nc2cc(C(F)(F)F)cc(C(F)(F)F)c2)cc1C#Cc1cc(-c2cnn(C)c2)cnc1N,1
Cc1ccc(C(=O)Nc2ccc(Cl)cc2Cl)cc1C#Cc1cc(-c2cnn(C)c2)cnc1N,1
Cc1ccc(C(=O)Nc2ccc(CN3CCN(C)CC3)c(C(F)(F)F)c2)cc1C#Cc1cnc2cccnn12,1
Cc1ccc(C)c(OCCCC(C)(C)C(=O)O)c1,0
Cc1ccc(-c2cc(C(F)(F)F)nn2-c2ccc(S(N)(=O)=O)cc2)cc1,0
Cc1ccc(-c2nn(C(C)(C)C)c3ncnc(N)c23)cc1,1
Cc1ccc(-c2nn(CCN3CCC(CCN(C)C)CC3)c3ncnc(N)c23)cc1,0
Cc1ccc(-c2nn(CCN3CCC(CN(C)C)CC3)c3ncnc(N)c23)cc1,1
Cc1ccc(-c2nn(CCN3CCC(N(C)C)CC3)c3ncnc(N)c23)cc1,1
Cc1ccc(Cl)c(Nc2ccccc2C(=O)O)c1Cl,0
Cc1ccc(N(CC2=NCCN2)c2cccc(O)c2)cc1,0
Cc1ccc(-n2nc(C(C)(C)C)cc2NC(=O)Nc2ccc(OCCN3CCOCC3)c3ccccc23)cc1,0
Cc1ccc(NC(=O)c2ccc(C)c(C(F)(F)F)c2)cc1C#Cc1nn([C@H]2CC[C@H](O)CC2)c2ncnc(N)c12,1
Cc1ccc(NC(=O)c2ccc(CN3CCN(C)CC3)cc2)cc1Nc1nccc(-c2cccnc2)n1,0
Cc1ccc(NC(=O)c2cccc(C(F)(F)F)c2)cc1C(=O)Nc1cnc(Nc2ccc(N3CCN(C)CC3)cc2)nc1,1
CC1CCC(NC(=O)N(CCCl)N=O)CC1,0
Cc1ccc(S(=O)(=O)NC(=O)NN2CC3CCCC3C2)cc1,0
Cc1ccc(S(=O)(=O)NC(=O)NN2CCCCCC2)cc1,0
Cc1ccc2cc3c(ccc4ccccc43)c3c2c1CC3,0
Cc1cccc(C)c1-c1cc(C)c2nc(Nc3ccc(OCCN4CCCC4)cc3)nnc2c1,1
Cc1cccc(C)c1NC(=O)C(C)N,0
Cc1cccc(C)c1NC(=O)C1CCCCN1C,0
Cc1cccc(C)c1OCC(C)N,0
Cc1cccc(Cl)c1NC(=O)c1cnc(NC(=O)C2CC2)s1,1
Cc1cccc(N(C)C(=S)Oc2ccc3ccccc3c2)c1,0
Cc1cccc(NC(=O)Nc2ccc(-c3cncc4c3c(N)nn4C)cc2)c1,0
Cc1cccc(Nc2cc(Cl)nc(SCC(=O)O)n2)c1C,0
Cc1cccc(Nc2ccccc2C(=O)O)c1C,0
Cc1cccc(Nc2ccncc2S(=O)(=O)NC(=O)NC(C)C)c1,0
Cc1ccccc1C(=O)N1CCC(Cc2ccccc2)CC1,0
Cc1ccccc1C(OCCN(C)C)c1ccccc1,0
Cc1ccccc1N1C(=O)c2cc(S(N)(=O)=O)c(Cl)cc2NC1C,0
Cc1ccccc1N1CCN(CCc2nnc3n2CCCC3)CC1,0
Cc1ccccc1Nc1nc2cc(F)c(N(C)C(=O)/C=C/CN(C)C)cc2n2cncc12,1
Cc1ccnc(NS(=O)(=O)c2ccc(N)cc2)n1,0
Cc1ccnc2c1NC(=O)c1cccnc1N2C1CC1,0
Cc1cn([C@H]2C[C@H](N=[N+]=[N-])[C@@H](CO)O2)c(=O)[nH]c1=O,0
Cc1cn([C@H]2C=C[C@@H](CO)O2)c(=O)[nH]c1=O,0
CC1CN(c2cc3c(cc2F)c(=O)c(C(=O)O)cn3-c2ccc(F)cc2F)CCN1,0
Cc1cn[nH]c1,0
Cc1cnc(C(=O)NCCc2ccc(S(=O)(=O)NC(=O)NC3CCCCC3)cc2)cn1,0
Cc1cnc(NC(=O)C2=C(O)c3ccccc3S(=O)(=O)N2C)s1,0
CC1COc2c(N3CCN(C)CC3)c(F)cc3c(=O)c(C(=O)O)cn1c23,0
Cc1n[nH]c2cc(Nc3nc(NC4CC4)c4occc4n3)ccc12,0
Cc1nc(Nc2ncc(C(=O)Nc3c(C)cccc3Cl)s2)cc(N2CCN(CCO)CC2)n1,1
Cc1nc2n(c(=O)c1CCN1CCC(c3noc4cc(F)ccc34)CC1)CCCC2,0
Cc1ncc([N+](=O)[O-])n1CC(C)O,0
Cc1ncc([N+](=O)[O-])n1CCO,0
Cc1ncc(C#N)c(Nc2ccc3[nH]ccc3c2C)c1/C=C/c1cccc(S(=O)(=O)N2CCN(C)CC2)c1,0
Cc1nccc2c1[nH]c1cc(F)ccc12,0
Cc1nccn1CC1CCc2c(c3ccccc3n2C)C1=O,0
Cc1nnc(NS(=O)(=O)c2ccc(N)cc2)s1,0
Cc1nnc2n1-c1ccc(Cl)cc1C(c1ccccc1)=NC2,0
Cc1noc(NS(=O)(=O)c2ccc(N)cc2)c1C,0
Cc1onc(-c2ccccc2)c1-c1ccc(S(N)(=O)=O)cc1,0
Cc1onc(-c2ccccc2Cl)c1C(=O)N[C@@H]1C(=O)N2[C@@H]1SC(C)(C)[C@@H]2C(=O)O,0
Cc1oncc1C(=O)Nc1ccc(C(F)(F)F)cc1,0
CCC(=O)O[C@]1(C(=O)CCl)[C@@H](C)C[C@H]2[C@@H]3CCC4=CC(=O)C=C[C@]4(C)[C@@]3(F)[C@@H](O)C[C@@]21C,0
CCC(=O)O[C@H]1[C@H](O[C@@H]2[C@@H](C)[C@H](O[C@H]3C[C@@](C)(OC)[C@@H](O)[C@H](C)O3)[C@@H](C)C(=O)O[C@H](CC)[C@@](C)(O)[C@H](O)[C@@H](C)C(=O)[C@H](C)C[C@@]2(C)O)O[C@H](C)C[C@@H]1N(C)C,0
CCC(C)(C)C(=O)O[C@H]1C[C@@H](C)C=C2C=C[C@H](C)[C@H](CC[C@@H]3C[C@@H](O)CC(=O)O3)[C@H]21,0
CCC(C)C(C(=O)OCC[N+](C)(CC)CC)c1ccccc1.[Br-],0
CCC(C)n1ncn(-c2ccc(N3CCN(c4ccc(OCC5COC(Cn6cncn6)(c6ccc(Cl)cc6Cl)O5)cc4)CC3)cc2)c1=O,0
CCC[C@@H]1C[C@@H](C(=O)N[C@@H]([C@H]2O[C@H](SC)[C@H](O)[C@@H](O)[C@H]2O)[C@@H](C)O)N(C)C1,0
CCC[C@@H]1C[C@@H](C(=O)N[C@@H]([C@H]2O[C@H](SC)[C@H](O)[C@@H](O)[C@H]2O)[C@H](C)Cl)N(C)C1,0
CCC1(C)CC(=O)NC1=O,0
CCC1(c2ccc(N)cc2)CCC(=O)NC1=O,0
CCC1(c2ccccc2)C(=O)NC(=O)NC1=O,0
CCC1(c2ccccc2)C(=O)NCNC1=O,0
CCC1(CCC(C)C)C(=O)NC(=O)NC1=O,0
CCC1=C(C)CN(C(=O)NCCc2ccc(S(=O)(=O)NC(=O)N[C@H]3CC[C@H](C)CC3)cc2)C1=O,0
CCC1=C[C@@H]2CN(C1)Cc1c([nH]c3ccccc13)[C@@](C(=O)OC)(c1cc3c(cc1OC)N(C)[C@H]1[C@@](O)(C(=O)OC)[C@H](OC(C)=O)[C@]4(CC)C=CCN5CC[C@]31[C@@H]54)C2,0
CCc1c2c(nc3ccc(OC(=O)N4CCC(N5CCCCC5)CC4)cc13)-c1cc3c(c(=O)n1C2)COC(=O)[C@]3(O)CC,0
CCC1C2CC3C4N(C)c5ccccc5C45CC(C2[C@H]5O)N3C1O,0
CCc1ccc(C(=O)C(C)CN2CCCCC2)cc1,0
CCc1ccc(-c2ccc3c(c2)-c2[nH]ncc2S(=O)(=O)N3C)cc1,0
CCc1ccc(-c2ccc3c(c2)-c2c(cnn2CC)S(=O)(=O)N3C)cc1,0
CCc1ccc(CCOc2ccc(CC3SC(=O)NC3=O)cc2)nc1,0
CCc1cccc2c3c([nH]c12)C(CC)(CC(=O)O)OCC3,0
CCc1oc2ccccc2c1C(=O)c1cc(Br)c(O)c(Br)c1,0
CCCC(=O)Nc1ccc(OCC(O)CNC(C)C)c(C(C)=O)c1,0
CCCC(CCC)C(=O)O,0
CCCC[C@@H](CC)COC(=O)c1ccccc1C(=O)OC[C@@H](CC)CCCC,0
CCCc1cc(=O)[nH]c(=S)[nH]1,0
CCCC1Cc2cc(O)c(O)cc2C1,0
CCCc1nn(C)c2c(=O)[nH]c(-c3cc(S(=O)(=O)N4CCN(C)CC4)ccc3OCC)nc12,0
CCCC1O[C@@H]2C[C@H]3[C@@H]4CCC5=CC(=O)C=C[C@]5(C)[C@H]4[C@@H](O)C[C@]3(C)[C@]2(C(=O)CO)O1,0
CCCCC(=O)N(Cc1ccc(-c2ccccc2-c2nnn[nH]2)cc1)[C@H](C(=O)O)C(C)C,0
CCCCC1=NC2(CCCC2)C(=O)N1Cc1ccc(-c2ccccc2-c2nnn[nH]2)cc1,0
CCCCC1C(=O)N(c2ccccc2)N(c2ccccc2)C1=O,0
CCCCc1nc(Cl)c(CO)n1Cc1ccc(-c2ccccc2-c2nnn[nH]2)cc1,0
CCCCc1oc2ccccc2c1C(=O)c1cc(I)c(OCCN(CC)CC)c(I)c1,1
CCCCCC[C@H]1C(=O)O[C@H](C)[C@H](NC(=O)c2cccc(NC=O)c2O)C(=O)O[C@@H](C)[C@@H]1OC(=O)CC(C)C,0
CCCCCCCCc1ccc(O)cc1,0
CCCCCCCCCc1ccc(O)cc1,0
CCCCCCCCCCCCCCCC[n+]1ccccc1.[Br-],1
CCCCCCCCN[C@H](C)[C@@H](O)c1ccc(SC(C)C)cc1,1
CCCCCCNC(=O)n1cc(F)c(=O)[nH]c1=O,0
CCCCN1CCCC[C@H]1C(=O)Nc1c(C)cccc1C,0
CCCCN1CCCCC1C(=O)Nc1c(C)cccc1C.Cl,0
CCCCNc1ccc(C(=O)OCCN(C)C)cc1,0
CCCCNc1nc(SC)nc2c1ccn2Cc1ccc(F)cc1,0
CCCCOC(=O)c1ccc(N)cc1,0
CCCCOc1cc(CC2CNC(=O)N2)ccc1OC,0
CCCCOc1ccc(OCCCN2CCOCC2)cc1,0
CCCN(CCC)C(=O)C(CCC(=O)O)NC(=O)c1ccccc1,0
CCCN(CCC)C1Cc2c(O)ccc(O)c2C1,0
CCCN(CCC)C1Cc2cc(O)c(O)cc2C1,0
CCCN(CCC)C1Cc2cc(O)c(OC)cc2C1,0
CCCN(CCC)C1Cc2cc(O)cc(O)c2C1,0
CCCN(CCC)C1Cc2cc(OC)c(OC)cc2C1,0
CCCN(CCC)C1Cc2ccc(O)cc2C1,0
CCCN(CCC)C1CCc2cc(O)c(O)cc2C1,0
CCCN(CCC)CCc1ccc(O)c(O)c1,0
CCCN(CCC)S(=O)(=O)c1ccc(C(=O)O)cc1,0
CCCN1C[C@H](CSC)C[C@@H]2c3cccc4[nH]cc(c34)C[C@H]21,0
CCCNC(=O)c1ccc(Nc2nc(NCC(F)(F)F)c3cc[nH]c3n2)cc1,0
CCCNC(=O)NS(=O)(=O)c1ccc(Cl)cc1,0
CCCNC(C)C(=O)Nc1ccccc1C,0
CCCNCC(O)COc1ccccc1C(=O)CCc1ccccc1,0
CCCOc1ccc(C(=O)OCCN(CC)CC)cc1N,0
CCCOc1ccccc1-c1nc2[nH]nnc2c(=O)[nH]1,0
CCCSc1ccc2[nH]c(NC(=O)OC)nc2c1,0
CCN(C(C)=O)c1cccc(-c2ccnc3c(C#N)cnn23)c1,0
CCN(CC)C(=O)N[C@H]1C=C2c3cccc4[nH]cc(c34)C[C@H]2N(C)C1,0
CCN(CC)C(=S)SSC(=S)N(CC)CC,0
CCN(CC)C/C=C/c1cnc(N)c2c(-c3ccc(NC(=O)c4cc5ccccc5n4C)c(OC)c3)csc12,0
CCN(CC)CC#CCOC(=O)C(O)(c1ccccc1)C1CCCCC1,0
CCN(CC)CC(=O)Nc1c(C)cccc1C,0
CCN(CC)CCCC(C)Nc1c2ccc(Cl)cc2nc2ccc(OC)cc12,0
CCN(CC)CCNC(=O)c1cc(Cl)c(N)cc1OC,0
CCN(CC)CCNC(=O)c1cc(S(C)(=O)=O)ccc1OC,0
CCN(CC)CCNC(=O)c1ccc(N)cc1,0
CCN(CC)CCOC(=O)C1(C2CCCCC2)CCCCC1,0
CCN(CC)CCOC(=O)c1ccc(N)cc1,0
CCN(CC)CCOc1ccc(/C(=C(/Cl)c2ccccc2)c2ccccc2)cc1,0
CCN(CC)CCOCCC1=CCC2CC1C2(C)C,0
CCN(CC)N=O,0
CCN(Cc1ccncc1)C(=O)C(CO)c1ccccc1,0
CCN(CCO)CCCC(C)Nc1ccnc2cc(Cl)ccc12,0
CCN[C@@H](C)Cc1cccc(C(F)(F)F)c1,0
CCN[C@@H]1C[C@H](N)[C@@H](O[C@H]2OC(CN)=CC[C@H]2N)[C@H](O)[C@H]1O[C@H]1OC[C@](C)(O)[C@H](NC)[C@H]1O,0
CCn1c(C(=O)N(C2CC2)C2CC2)cc2c3c(ncn3C)c(Nc3nc(C)c(C)s3)nc21,1
CCN1C[C@]2(COC)[C@H](O)C[C@@H](OC)[C@@]34[C@@H]5C[C@@]6(O)[C@H](OC(=O)c7ccccc7)[C@@H]5[C@@](OC(C)=O)([C@@H]([C@H](OC)[C@H]23)[C@H]14)[C@@H](O)[C@@H]6OC,0
CCn1cc(C(=O)O)c(=O)c2cc(F)c(N3CCN(C)CC3)cc21,0
CCn1cc(C(=O)O)c(=O)c2cc(F)c(N3CCNC(C)C3)c(F)c21,0
CCn1cc(C(=O)O)c(=O)c2cc(F)c(N3CCNCC3)cc21,0
CCn1cc(C(=O)O)c(=O)c2cc(F)c(N3CCNCC3)nc21,0
CCn1cc(C(=O)O)c(=O)c2cnc(N3CCCC3)nc21,0
CCn1cc(-c2ccc3c(c2)CCN3C(=O)Cc2cccc(OC(F)(F)F)c2)c2c(N)ncnc21,1
CCN1CC(CCN2CCOCC2)C(c2ccccc2)(c2ccccc2)C1=O,0
CCN1CCC[C@H]1CNC(=O)c1cc(S(N)(=O)=O)ccc1OC,0
CCN1CCCC1CNC(=O)c1cc(S(N)(=O)=O)ccc1OC,0
CCN1CCN(C(=O)N[C@@H](C(=O)N[C@@H]2C(=O)N3[C@@H]2SC(C)(C)[C@@H]3C(=O)O)c2ccccc2)C(=O)C1=O,0
CCN1CCN(c2cc3c(cc2F)c(=O)c(C(=O)O)cn3C2CC2)CC1,0
CCN1CCN(c2ccc(Nc3ncc4scc(-c5cccc(NS(C)(=O)=O)c5)c4n3)cc2)CC1,1
CCn1nc(C#Cc2cc(C(=O)Nc3ccc(CN4CCN(C)CC4)c(C(F)(F)F)c3)ccc2C)c2c(N)ncnc21,1
CCO,0
CCOC(=O)[C@H](CCc1ccccc1)N[C@@H](C)C(=O)N1[C@H](C(=O)O)C[C@@H]2CCC[C@@H]21,0
CCOC(=O)[C@H](CCc1ccccc1)N[C@@H](C)C(=O)N1Cc2ccccc2C[C@H]1C(=O)O,0
CCOC(=O)[C@H](CCc1ccccc1)N[C@@H](C)C(=O)N1CCC[C@H]1C(=O)O,0
CCOC(=O)[C@H](CCc1ccccc1)N[C@H]1CCc2ccccc2N(CC(=O)O)C1=O,0
CCOC(=O)C(C)(C)Oc1ccc(Cl)cc1,0
CCOC(=O)C1=C(C)NC(C)=C(C(=O)OC)C1c1cccc([N+](=O)[O-])c1,0
CCOC(=O)C1=C(C)NC(C)=C(C(=O)OC)C1c1cccc(Cl)c1Cl,0
CCOC(=O)C1=C(C)NC(C)=C(C(=O)OCC)C1c1ccccc1/C=C/C(=O)OC(C)(C)C,0
CCOC(=O)C1=C(COCCN)NC(C)=C(C(=O)OC)C1c1ccccc1Cl,0
CCOC(=O)c1ccc(N)cc1,0
CCOC(=O)c1ncn2c1CN(C)C(=O)c1cc(F)ccc1-2,0
CCOC(=O)CC(=O)Nc1cccc2c1Cc1c-2n[nH]c1-c1csc(C#CCOc2ccccc2)c1,0
CCOC(=O)CN1CCN(CCCc2c(/C=C3\C(=O)Nc4ccc(S(=O)(=O)NC)cc43)[nH]c3c2CCCC3)CC1,1
CCOC(=O)N1CCC(=C2c3ccc(Cl)cc3CCc3cccnc32)CC1,0
CCOC(=O)n1ccn(C)c1=S,0
CCOC(=O)OC(C)OC1=C(C(=O)Nc2ccccn2)N(C)S(=O)(=O)c2ccccc21,0
CCOC(Cn1nc(-c2ccc3oc(N)nc3c2)c2c(N)ncnc21)OCC,0
CCOC(Cn1nc(-c2cnc3[nH]ccc3c2)c2c(N)ncnc21)OCC,0
CCOC(N)=O,0
CCOc1cc(Br)c(Br)c(/C=N/c2ccc3[nH]c(=O)[nH]c3c2)c1O,0
CCOc1cc(N)c(Cl)cc1C(=O)NCC1CN(Cc2ccc(F)cc2)CCO1,0
CCOc1ccc(NC(C)=O)cc1,0
CCOc1nc2cccc(C(=O)O)c2n1Cc1ccc(-c2ccccc2-c2nnn[nH]2)cc1,0
CCS(=O)(=O)c1cc(Nc2ncc(F)c(N(Cc3ccccc3C#N)c3cc(CO)ccc3C)n2)ccc1N1CCN(C)CC1,1
CCS(=O)(=O)c1ccc2c(c1)/C(=C/c1[nH]c3c(c1CCC(N)=O)CCCC3)C(=O)N2,1
CCS(=O)(=O)c1ccc2c(c1)/C(=C/c1[nH]c3c(c1CCCN(C)C)CCCC3)C(=O)N2,1
CCS(=O)(=O)c1ccc2c(c1)/C(=C/c1[nH]c3c(c1CCCN1CCC(O)CC1)CCCC3)C(=O)N2,1
CCS(=O)(=O)c1ccc2c(c1)/C(=C/c1[nH]c3c(c1CCCN1CCN(C)CC1)CCCC3)C(=O)N2,0
CCS(=O)(=O)c1ccc2c(c1)/C(=C/c1[nH]c3c(c1CCCN1CCN(CC(=O)O)CC1)CCCC3)C(=O)N2,1
CCS(=O)(=O)c1ccc2c(c1)/C(=C/c1[nH]c3c(c1CCCN1CCN(CCO)CC1)CCCC3)C(=O)N2,1
CCS(=O)(=O)c1ccc2c(c1)/C(=C/c1[nH]c3c(c1CN1CCOCC1)CCCC3)C(=O)N2,0
CCS(=O)(=O)CCn1c([N+](=O)[O-])cnc1C,0
Cl.NC[C@H]1CC[C@H](C(=O)Oc2ccc(CCC(=O)O)cc2)CC1,0
ClC(Cl)(Cl)Cl,0
ClC(Cl)Cl,0
ClC1=C(Cl)[C@]2(Cl)[C@@H]3[C@@H]4C[C@@H]([C@H]5O[C@@H]45)[C@@H]3[C@@]1(Cl)C2(Cl)Cl,0
Clc1cc(Cl)c(OCC#CI)cc1Cl,0
Clc1ccc(C(c2ccccc2Cl)C(Cl)Cl)cc1,0
Clc1ccc(CO/N=C(\Cn2ccnc2)c2ccc(Cl)cc2Cl)c(Cl)c1,0
Clc1ccc(COC(Cn2ccnc2)c2ccc(Cl)cc2Cl)c(Cl)c1,0
Clc1ccc(COC(Cn2ccnc2)c2ccc(Cl)cc2Cl)cc1,0
Clc1ccc(CSC(Cn2ccnc2)c2ccc(Cl)cc2Cl)cc1,0
Clc1ccc2c(c1)C(N1CCNCC1)=Nc1ccccc1O2,0
Clc1ccc2c(c1)CCc1cccnc1C2=C1CCNCC1,0
Clc1cccc(Cl)c1NC1=NCCN1,0
Clc1ccccc1C(c1ccccc1)(c1ccccc1)n1ccnc1,0
Clc1ccccc1CN1CCc2sccc2C1,0
ClCC(Cl)Cl,0
CN(C(=O)Cc1ccc(Cl)c(Cl)c1)[C@H]1CC[C@@]2(CCCO2)C[C@@H]1N1CCCC1,0
CN(C(=O)CCCOc1ccc2[nH]c(=O)ccc2c1)C1CCCCC1,0
CN(C)/N=N/c1[nH]cnc1C(N)=O,0
CN(C)[C@@H]1C(O)=C(C(N)=O)C(=O)[C@@]2(O)C(O)=C3C(=O)c4c(O)ccc(Cl)c4[C@@](C)(O)[C@H]3C[C@@H]12,0
CN(C)[C@@H]1C(O)=C(C(N)=O)C(=O)[C@@]2(O)C(O)=C3C(=O)c4c(O)cccc4[C@@](C)(O)[C@H]3[C@H](O)[C@@H]12,0
CN(C)[C@@H]1C(O)=C(C(N)=O)C(=O)[C@@]2(O)C(O)=C3C(=O)c4c(O)cccc4[C@@](C)(O)[C@H]3C[C@@H]12,0
CN(C)C(=N)NC(=N)N,0
CN(C)C(=O)C(CCN1CCC(O)(c2ccc(Cl)cc2)CC1)(c1ccccc1)c1ccccc1,0
CN(C)C(=O)Oc1cc(OC(=O)N(C)C)cc(C(O)CNC(C)(C)C)c1,0
CN(C)C(=O)Oc1cccc([N+](C)(C)C)c1.[Br-],0
CN(C)c1ccc(C(=C2C=CC(=[N+](C)C)C=C2)c2ccc(N(C)C)cc2)cc1.[Cl-],0
CN(C)c1ccc(C(=O)Nc2cccc(NC(=O)COc3ccc4c(=O)ccoc4c3)c2)cc1,0
CN(C)c1nc(N(C)C)nc(N(C)C)n1,0
CN(C)CC[C@@H](c1ccc(Cl)cc1)c1ccccn1,0
CN(C)CC1CCN(CCn2nc(-c3cnc4[nH]ccc4c3)c3c(N)ncnc32)CC1,1
CN(C)CCC=C1c2ccccc2CCc2ccccc21,0
CN(C)CCC=C1c2ccccc2COc2ccccc21,0
CN(C)CCCC1(c2ccc(F)cc2)OCc2cc(C#N)ccc21,0
CN(C)CCCN1c2ccccc2CCc2ccc(Cl)cc21,0
CN(C)CCCN1c2ccccc2Sc2ccc(Cl)cc21,0
CN(C)CCCN1c2ccccc2Sc2ccccc21,0
CN(C)CCCNC(=O)c1csc2nc(-c3ccc(NC(=O)Nc4cc(C(C)(C)C)on4)cc3)cn12,0
CN(C)CCN(Cc1cccs1)c1ccccn1,0
CN(C)CCN1CCN(C(=O)c2cc(C(C)(C)C)sc2NC(=O)Nc2cccc(Cl)c2Cl)CCC1=O,0
CN(C)CCOC(c1ccccc1)c1ccccc1,0
CN(C)CCOC(c1ccccc1)c1ccccc1.Cn1c(=O)c2[nH]c(Cl)nc2n(C)c1=O,0
CN(C/C=C/C#CC(C)(C)C)Cc1cccc2ccccc12,0
CN(Cc1cc(Br)cc(Br)c1N)C1CCCCC1,0
CN(Cc1ccc(C(C)(C)C)cc1)Cc1cccc2ccccc12,0
CN(Cc1cnc2nc(N)nc(N)c2n1)c1ccc(C(=O)N[C@@H](CCC(=O)O)C(=O)O)cc1,0
CN(CCOc1ccc(C[C@H](Nc2ccccc2C(=O)c2ccccc2)C(=O)O)cc1)c1ccccn1,0
CN(CCOc1ccc(CC2SC(=O)NC2=O)cc1)c1ccccn1,0
CN(N=O)C(=O)N[C@H]1C(O)O[C@H](CO)[C@@H](O)[C@@H]1O,0
CN/C(=N\CCSCc1nc[nH]c1C)NC#N,0
CN[C@@H]1[C@@H](O)[C@@H](O[C@@H]2[C@@H](O)[C@H](O[C@H]3OC(CN)=CC[C@H]3N)[C@@H](N)C[C@H]2N)OC[C@]1(C)O,0
CN[C@@H]1[C@H](O)[C@H](NC)[C@H]2O[C@@]3(O)C(=O)C[C@@H](C)O[C@H]3O[C@@H]2[C@H]1O,0
CN[C@@H]1[C@H](O[C@H]2[C@H](O[C@H]3[C@H](O)[C@@H](O)[C@H](N=C(N)N)[C@@H](O)[C@@H]3N=C(N)N)O[C@@H](C)[C@]2(O)C=O)O[C@@H](CO)[C@H](O)[C@H]1O,0
CN[C@@H]1C[C@H]2O[C@@](C)([C@@H]1OC)n1c3ccccc3c3c4c(c5c6ccccc6n2c5c31)C(=O)NC4,1
CN[C@H](CC(C)C)C(=O)N[C@H]1C(=O)N[C@@H](CC(N)=O)C(=O)N[C@H]2C(=O)N[C@H]3C(=O)N[C@H](C(=O)N[C@H](C(=O)O)c4cc(O)cc(O)c4-c4cc3ccc4O)[C@H](O)c3ccc(c(Cl)c3)Oc3cc2cc(c3O[C@@H]2O[C@H](CO)[C@@H](O)[C@H](O)[C@H]2O[C@H]2C[C@](C)(N)[C@H](O)[C@H](C)O2)Oc2ccc(cc2Cl)[C@H]1O,0
CN[C@H]1CC[C@@H](c2ccc(Cl)c(Cl)c2)c2ccccc21,0
CN1[C@@H]2CC[C@H]1C[C@@H](OC(=O)C(CO)c1ccccc1)C2,0
CN1[C@@H]2CC[C@H]1C[C@@H](OC(=O)c1c[nH]c3ccccc13)C2,0
CN1[C@@H]2CC[C@H]1C[C@@H](OC(c1ccccc1)c1ccccc1)C2,0
Cn1c(=O)c(S(=O)(=O)c2ccc(F)cc2F)cc2cnc(Nc3ccc4[nH]ccc4c3)nc21,0
Cn1c(=O)c2[nH]cnc2n(C)c1=O,0
Cn1c(=O)c2[nH]cnc2n(C)c1=O.Cn1c(=O)c2[nH]cnc2n(C)c1=O.NCCN,0
Cn1c(=O)c2c(ncn2C)n(C)c1=O,0
Cn1c(=O)c2c(ncn2CC(O)CO)n(C)c1=O,0
Cn1c(=O)c2c(ncn2CC2OCCO2)n(C)c1=O,0
CN1C(=O)CN=C(c2ccccc2)c2cc([N+](=O)[O-])ccc21,0
CN1C(=O)CN=C(c2ccccc2)c2cc(Cl)ccc21,0
CN1C(=O)COc2c(C(=O)NC3CN4CCC3CC4)cc(Cl)cc21,0
CN1C(=O)COc2c1cnc1ccc(Sc3nnc4c(F)cc(-c5cnn(C)c5)cn34)cc21,0
CN1C(=O)OC(C)(C)C1=O,0
CN1C(C(=O)Nc2ccccn2)=C(O)c2ccccc2S1(=O)=O,0
CN1C(C(=O)Nc2ccccn2)=C(O)c2sccc2S1(=O)=O,0
Cn1c(Nc2ccc(C(F)(F)F)cc2)nc2cc(Oc3ccnc(-c4ncc(C(F)(F)F)[nH]4)c3)ccc21,0
Cn1c(Nc2cccc(C(C)(C)C)c2)nc2cc(Oc3ccnc(-c4ncc(C(F)(F)F)[nH]4)c3)ccc21,1
Cn1c(Nc2cccc(C(C)(C)C)c2)nc2cc(Oc3ccnc(-c4ncc[nH]4)c3)ccc21,1
CN1C[C@@H]2C[C@H]1CN2c1cc2c(cc1F)c(=O)c(C(=O)O)cn2C1CC1,0
CN1C[C@@H]2C[C@H]1CN2c1ccc(-c2ccnc3c(-c4cccc(O)c4)c(-c4ccncc4)nn23)cc1,0
CN1C[C@H](C(=O)N[C@]2(C)O[C@@]3(O)[C@@H]4CCCN4C(=O)[C@H](Cc4ccccc4)N3C2=O)C[C@@H]2c3cccc4[nH]cc(c34)C[C@H]21,0
CN1C[C@H](C(=O)N[C@]2(C)O[C@@]3(O)[C@@H]4CCCN4C(=O)[C@H](Cc4ccccc4)N3C2=O)C=C2c3cccc4[nH]cc(c34)C[C@H]21,0
CN1C[C@H](CNC(=O)OCc2ccccc2)C[C@@H]2c3cccc4c3c(cn4C)C[C@H]21,0
Cn1c2c(c3ccc(Cl)c(Cl)c31)C(C#N)C1(CCNCC1)NC2=O,0
CN1C2CCCC1CC(NC(=O)c1nn(C)c3ccccc13)C2,0
Cn1cc(NC(=O)c2cnn3ccc(N)nc23)c(-c2cc(Cl)ccc2Cl)n1,0
CN1CCC(=C2c3ccccc3C=Cc3ccccc32)CC1,0
CN1CCC(=C2c3ccccc3CC(=O)c3sccc32)CC1,0
CN1CCC[C@@H]1CCO[C@](C)(c1ccccc1)c1ccc(Cl)cc1,0
CN1CCC[C@H]1c1cccnc1,0
CN1CCCC(CN2c3ccccc3Sc3ccccc32)C1,0
CN1CCN([C@H]2CC[C@@H](n3cc(-c4ccc(Oc5ccccc5)cc4)c4c(N)ncnc43)CC2)CC1,1
CN1CCN(C(c2ccccc2)c2ccccc2)CC1,0
CN1CCN(C2=Nc3cc(Cl)ccc3Nc3ccccc32)CC1,0
CN1CCN(c2c(F)cc3c(=O)c(C(=O)O)cn(CCF)c3c2F)CC1,0
CN1CCN(c2ccc(-c3cc4c(c(N)nn4C)c(=O)[nH]3)cc2)CC1,0
CN1CCN(c2ccc(Nc3ncc4cc(C#N)c(=O)n(C5CCCC5)c4n3)cc2)CC1,1
CN1CCN(c2nc(C3=C(c4c[nH]c5ccccc45)C(=O)NC3=O)c3ccccc3n2)CC1,0
CN1CCN(CC(=O)Nc2cccc3c2Cc2c-3n[nH]c2-c2csc(C#CCOc3ccccc3)c2)CC1,0
CN1CCN(Cc2ccc3c(c2)Cc2c(-c4csc(C#CCOc5ccccc5)c4)n[nH]c2-3)CC1,0
CN1CCN(CCCN2c3ccccc3Sc3ccc(C(F)(F)F)cc32)CC1,0
CN1CCN(CCCN2c3ccccc3Sc3ccc(Cl)cc32)CC1,0
CN1CCN2c3ccccc3Cc3ccccc3C2C1,0
Cn1ccnc1S,0
Cn1cnc([N+](=O)[O-])c1Sc1ncnc2[nH]cnc12,0
CNC(=C[N+](=O)[O-])NCCSCc1ccc(CN(C)C)o1,0
CNC(=C[N+](=O)[O-])NCCSCc1csc(CN(C)C)n1,0
CNC(=O)c1cc(Oc2ccc3c(c2)nc(Nc2cccc(C(C)(C)C)c2)n3C)ccn1,1
CNC(=O)Oc1ccc2c(c1)[C@]1(C)CCN(C)[C@@H]1N2C,0
CNC(C)[C@@H]1CC[C@@H](N)[C@@H](O[C@H]2[C@H](O)[C@@H](O[C@H]3OC[C@](C)(O)[C@H](NC)[C@H]3O)[C@H](N)C[C@@H]2N)O1.CN[C@@H]1[C@@H](O)[C@@H](O[C@@H]2[C@@H](O)[C@H](O[C@H]3O[C@H](C(C)N)CC[C@H]3N)[C@@H](N)C[C@H]2N)OC[C@]1(C)O.CN[C@@H]1[C@@H](O)[C@@H](O[C@@H]2[C@@H](O)[C@H](O[C@H]3O[C@H](CN)CC[C@H]3N)[C@@H](N)C[C@H]2N)OC[C@]1(C)O,0
CNC[C@H](O)c1ccc(O)c(O)c1,0
CNC1(c2ccccc2Cl)CCCCC1=O,0
CNC1=Nc2ccc(Cl)cc2C(c2ccccc2)=[N+]([O-])C1,0
CNc1cc(O)c2c(c1)/C=C/C[C@H](O)[C@H](O)C(=O)/C=C\[C@@H](C)[C@H](C)OC2=O,1
CNCCC(Oc1ccc(C(F)(F)F)cc1)c1ccccc1,0
CNCCC=C1c2ccccc2CCc2ccccc21,0
CNCCc1ccccn1,0
CNCCCC12CCC(c3ccccc31)c1ccccc12,0
CNCCCN1c2ccccc2CCc2ccccc21,0
CNNCc1ccc(C(=O)NC(C)C)cc1,0
CNS(=O)(=O)c1ccc2c(c1)/C(=C/c1[nH]c3c(c1CCC(N)=O)CCCC3)C(=O)N2,1
CNS(=O)(=O)c1ccc2c(c1)/C(=C/c1[nH]c3c(c1CCCN(C)C)CCCC3)C(=O)N2,1
CNS(=O)(=O)c1ccc2c(c1)/C(=C/c1[nH]c3c(c1CCCN1CCC(O)CC1)CCCC3)C(=O)N2,1
CNS(=O)(=O)c1ccc2c(c1)/C(=C/c1[nH]c3c(c1CCCN1CCN(C)CC1)CCCC3)C(=O)N2,1
CNS(=O)(=O)c1ccc2c(c1)/C(=C/c1[nH]c3c(c1CCCN1CCN(CC(=O)O)CC1)CCCC3)C(=O)N2,1
CNS(=O)(=O)c1ccc2c(c1)/C(=C/c1[nH]c3c(c1CCCN1CCN(CCO)CC1)CCCC3)C(=O)N2,1
CNS(=O)(=O)c1ccc2c(c1)/C(=C/c1[nH]c3c(c1CCCN1CCOCC1)CCCC3)C(=O)N2,1
CNS(=O)(=O)c1ccc2c(c1)/C(=C/c1[nH]c3c(c1CN1CCOCC1)CCCC3)C(=O)N2,1
CNS(=O)(=O)Cc1ccc2[nH]cc(CCN(C)C)c2c1,0
CNS(=O)(=O)Nc1cccc(Cc2c(C)c3cc(Cl)c(OC(=O)N(C)C)cc3oc2=O)c1,0
CO/N=C(\C(=O)N[C@@H]1C(=O)N2C(C(=O)O)=C(COC(C)=O)CS[C@H]12)c1csc(N)n1,0
CO[C@@]1(NC(=O)CSCC#N)C(=O)N2C(C(=O)O)=C(CSc3nnnn3C)CS[C@@H]21,0
CO[C@@]12[C@H](COC(N)=O)C3=C(C(=O)C(C)=C(N)C3=O)N1C[C@@H]1N[C@@H]12,0
CO[C@@H]1[C@@H](O[C@@H]2O[C@H](C)[C@@H](O[C@H]3C[C@@](C)(O)[C@@H](OC(=O)CC(C)C)[C@H](C)O3)[C@H](N(C)C)[C@H]2O)[C@@H](CC=O)C[C@@H](C)[C@@H](O)/C=C/C=C/C[C@@H](C)OC(=O)C[C@H]1O,0
CO[C@@H]1[C@@H](OC)[C@H](C)[C@@](O)(CC(=O)O)O[C@H]1[C@H](C)[C@H]1O[C@@]2(CC[C@@](C)([C@H]3CC[C@@](C)([C@@H]4O[C@@H]([C@H]5O[C@](C)(O)[C@H](C)C[C@@H]5C)C[C@@H]4O[C@@H]4C[C@H](OC)[C@@H](OC)[C@H](C)O4)O3)O2)C[C@H](O)[C@H]1C,0
CO[C@@H]1[C@@H](OC)[C@H](C)[C@@](O)(CC(=O)O)O[C@H]1[C@H](C)[C@H]1O[C@@]2(CC[C@@](C)([C@H]3CC[C@@](C)([C@@H]4O[C@@H]([C@H]5O[C@](C)(O)[C@H](C)C[C@@H]5C)C[C@@H]4O[C@@H]4C[C@H](OC)[C@@H](OC)[C@H](C)O4)O3)O2)C[C@H](O)[C@H]1C.N,0
CO[C@H]1/C=C/O[C@@]2(C)Oc3c(C)c(O)c4c(c3C2=O)C2=NC3(CCN(CC(C)C)CC3)NC2=C(NC(=O)/C(C)=C\C=C\[C@H](C)[C@H](O)[C@@H](C)[C@@H](O)[C@@H](C)[C@H](OC(C)=O)[C@@H]1C)C4=O,0
CO[C@H]1/C=C/O[C@@]2(C)Oc3c(C)c(O)c4c(O)c(c(/C=N/N5CCN(C)CC5)c(O)c4c3C2=O)NC(=O)/C(C)=C\C=C\[C@H](C)[C@H](O)[C@@H](C)[C@@H](O)[C@@H](C)[C@H](OC(C)=O)[C@@H]1C,0
CO[C@H]1/C=C/O[C@@]2(C)Oc3c(C)c(O)c4c(O)c(c(/C=N/N5CCN(C6CCCC6)CC5)c(O)c4c3C2=O)NC(=O)/C(C)=C\C=C\[C@H](C)[C@H](O)[C@@H](C)[C@@H](O)[C@@H](C)[C@H](OC(C)=O)[C@@H]1C,0
CO[C@H]1[C@@H](O)[C@H](N)[C@@H](O[C@H]2O[C@H]([C@H](C)N)CC[C@H]2N)[C@H](O)[C@@H]1N(C)C(=O)CN,0
CO[C@H]1C[C@@H]2CC[C@@H](C)[C@@](O)(O2)C(=O)C(=O)N2CCCC[C@H]2C(=O)O[C@H]([C@H](C)C[C@@H]2CC[C@@H](O)[C@H](OC)C2)CC(=O)[C@H](C)/C=C(\C)[C@@H](O)[C@@H](OC)C(=O)[C@H](C)C[C@H](C)/C=C/C=C/C=C/1C,0
CO[C@H]1O[C@@H]2O[C@@]3(C)CC[C@H]4[C@H](C)CC[C@@H]([C@H]1C)[C@@]24OO3,0
COC(=O)[C@@H]1[C@H]2C[C@H]3c4[nH]c5ccccc5c4CCN3C[C@@H]2CC[C@@H]1O,0
COC(=O)[C@H](c1ccccc1Cl)N1CCc2sccc2C1,0
COC(=O)[C@H]1[C@H]2C[C@@H]3c4[nH]c5cc(OC)ccc5c4CCN3C[C@H]2C[C@@H](OC(=O)c2cc(OC)c(OC)c(OC)c2)[C@@H]1OC,0
COC(=O)C(=O)Nc1cccc2c1Cc1c-2n[nH]c1-c1csc(C#CCOc2ccccc2)c1,0
COC(=O)C[C@](O)(CCC(C)(C)O)C(=O)O[C@@H]1C(OC)=C[C@]23CCCN2CCc2cc4c(cc2[C@H]13)OCO4,0
COC(=O)C1=C(C)NC(C)=C(C(=O)OC)C1c1ccccc1[N+](=O)[O-],0
COC(=O)C1=C(C)NC(C)=C(C(=O)OCC(C)C)C1c1ccccc1[N+](=O)[O-],0
COC(=O)c1cc2cc(NCc3cc(NC(=O)c4cc(-n5cnc(C)c5)cc(C(F)(F)F)c4)ccc3C)cnc2[nH]1,1
COC(=O)c1ccc(O)cc1,0
COC(=O)c1ccccc1O,0
COC(=O)CCc1ccc(OCC(O)CNC(C)C)cc1,0
COC(=O)N1CCC(n2ncc3c(N4CCOCC4)nc(-c4ccc(N)cc4)nc32)CC1,0
COC(=O)Nc1ccc(-c2nc(N3CCOCC3)c3cnn(C4CCN(C(=O)OC)CC4)c3n2)cc1,0
COC(=O)Nc1nc2cc([S+]([O-])c3ccccc3)ccc2[nH]1,0
COC(=O)Nc1nc2cc(C(=O)c3ccc(F)cc3)ccc2[nH]1,0
COC(=O)Nc1nc2cc(C(=O)c3ccccc3)ccc2[nH]1,0
COC(=O)Nc1nc2cc(C(=O)c3cccs3)ccc2[nH]1,0
COC(=O)Nc1nc2cc(Sc3ccccc3)ccc2[nH]1,0
COC(Cn1nc(-c2ccc3oc(N)nc3c2)c2c(N)ncnc21)OC,0
COC1=C(OC)C(=O)C(CCCCCCCCCCO)=C(C)C1=O,0
COC1=CC(=O)C[C@@H](C)[C@]12Oc1c(Cl)c(OC)cc(OC)c1C2=O,0
COc1c(C)c2c(c(O)c1C/C=C(\C)CCC(=O)O)C(=O)OC2,0
COc1c(C)c2c(c(O)c1C/C=C(\C)CCC(=O)OCCN1CCOCC1)C(=O)OC2,0
COc1c(N2CCNC(C)C2)c(F)cc2c(=O)c(C(=O)O)cn(C3CC3)c12,0
COc1c2occc2cc2ccc(=O)oc12,0
COc1cc(/C=C/C(=O)O)ccc1O,0
COc1cc([C@@H]2c3cc4c(cc3[C@@H](O[C@@H]3O[C@@H]5CO[C@@H](C)O[C@H]5[C@H](O)[C@H]3O)[C@H]3COC(=O)[C@H]23)OCO4)cc(OC)c1O,0
COc1cc([C@@H]2c3cc4c(cc3[C@H](O)[C@H]3COC(=O)[C@H]23)OCO4)cc(OC)c1OC,0
COc1cc(Br)c(Br)c(/C=N/c2ccc3[nH]c(=O)[nH]c3c2)c1O,0
COc1cc(C(=O)Nc2cc(C(F)(F)F)ccn2)ccc1-c1nc([C@@H]2CC[C@H]3CCC(=O)N3C2)n2ccnc(N)c12,0
COc1cc(C(=O)NC2CCCNC2)cc(OC)c1OC,0
COc1cc(C(=O)NS(=O)(=O)c2ccccc2C)ccc1Cc1cn(C)c2ccc(NC(=O)OC3CCCC3)cc12,0
COc1cc(C)c(Sc2cnc(NC(=O)c3ccc(CNC(C)C(C)(C)C)cc3)s2)cc1C(=O)N1CCN(C(C)=O)CC1,0
COc1cc(C2CN(C(=O)c3cc(COC[C@@H](O)CO)ccn3)C2)ccc1OCc1ccc(C2CC2)cc1,0
COc1cc(-c2csc3c(/C=C/CN[C@H]4CC[C@@H](N)CC4)cnc(N)c23)ccc1NC(=O)c1cc2ccccc2n1C,0
COc1cc(-c2csc3c(/C=C/CN[C@H]4CC[C@H](N)CC4)cnc(N)c23)ccc1NC(=O)c1cc2ccccc2n1C,0
COc1cc(-c2csc3c(/C=C/CN4CCC(O)CC4)cnc(N)c23)ccc1NC(=O)c1cc2ccccc2n1C,0
COc1cc(-c2csc3c(/C=C/CNC4CCNCC4)cnc(N)c23)ccc1NC(=O)c1cc2ccccc2n1C,0
COc1cc(-c2nn(C3CCN(C)CC3)c3ncnc(N)c23)ccc1NC(=O)c1ccc(C(F)(F)F)cc1F,0
COc1cc(-c2nn(C3CCN(C4CCN(C(C)=O)CC4)CC3)c3ncnc(N)c23)ccc1NC(=O)c1cc2ccccc2n1C,0
COc1cc(-c2nn(C3CCN(C4CCN(C(C)=O)CC4)CC3)c3ncnc(N)c23)ccc1NC(=O)c1ccc(C(F)(F)F)cc1F,0
COc1cc(-c2nn(C3CCN(C4CCN(C)CC4)CC3)c3ncnc(N)c23)ccc1NC(=O)c1ccc(C(F)(F)F)cc1F,0
COc1cc(-c2nn(C3CCN(C4CCOCC4)CC3)c3ncnc(N)c23)ccc1NC(=O)c1cc(O)c2ccccc2n1,0
COc1cc(-c2nn(C3CCN(C4CCOCC4)CC3)c3ncnc(N)c23)ccc1NC(=O)c1cc2cc(C#N)ccc2n1C,0
COc1cc(-c2nn(C3CCN(C4CCOCC4)CC3)c3ncnc(N)c23)ccc1NC(=O)c1cc2cc(C(N)=O)ccc2n1C,0
COc1cc(-c2nn(C3CCN(C4CCOCC4)CC3)c3ncnc(N)c23)ccc1NC(=O)c1cc2cc(Cl)ccc2n1C,0
COc1cc(-c2nn(C3CCN(C4CCOCC4)CC3)c3ncnc(N)c23)ccc1NC(=O)c1ccc(C(F)(F)F)cc1F,0
COc1cc(-c2nn(C3CCN(C4CCOCC4)CC3)c3ncnc(N)c23)ccc1NC(=O)c1ccc(C)cc1,0
COc1cc(-c2nn(C3CCN(C4CCOCC4)CC3)c3ncnc(N)c23)ccc1NC(=O)c1ccc(N(C)C)cc1,0
COc1cc(-c2nn(C3CCN(C4CCOCC4)CC3)c3ncnc(N)c23)ccc1NC(=O)c1ccc(OC(F)(F)F)cc1,0
COc1cc(-c2nn(C3CCN(C4CCOCC4)CC3)c3ncnc(N)c23)ccc1NC(=O)c1cccc(O)c1,0
COc1cc(-c2nn(C3CCN(C4CCOCC4)CC3)c3ncnc(N)c23)ccc1NC(=O)c1nc2ccccc2n1C,0
COc1cc(-c2nn(C3CCN(Cc4ccccc4)CC3)c3ncnc(N)c23)ccc1NC(=O)c1ccc(C(F)(F)F)cc1F,0
COc1cc(-c2nn(C3CCNCC3)c3ncnc(N)c23)ccc1NC(=O)c1ccc(C(F)(F)F)cc1F,0
COc1cc(-c2nn(CCN3CCC(N(C)C)CC3)c3ncnc(N)c23)ccc1NC(=O)OC(C)(C)C,1
COc1cc(CNC(=O)CCCC/C=C/C(C)C)ccc1O,0
COc1cc(N)[nH]c2nc(-c3ccc(F)cc3)c(-c3ccncc3)c1-2,0
COc1cc(N)c(Cl)cc1C(=O)NC1CCN(CCCOc2ccc(F)cc2)CC1OC,0
COc1cc(NC(C)CCCN)c2ncccc2c1,0
COc1cc(Nc2c(C#N)cnc3cc(-c4cc(CN5CCN(C)CC5)cs4)ccc23)c(Cl)cc1Cl,1
COc1cc(Nc2c(C#N)cnc3cc(-c4ccc(CN5CCN(C)CC5)cc4)ccc23)c(Cl)cc1Cl,1
COc1cc(Nc2c(C#N)cnc3cc(-c4ccc(CN5CCOCC5)cc4)ccc23)c(Cl)cc1Cl,0
COc1cc(Nc2c(C#N)cnc3cc(-c4csc(CN5CCN(C)CC5)c4)ccc23)c(Cl)cc1Cl,1
COc1cc(Nc2c(C#N)cnc3cc(OCCCN4CCN(C)CC4)c(OC)cc23)c(Cl)cc1Cl,1
COc1cc(Nc2c(C#N)cnc3cc4cc(OCCN5CCOCC5)c(OC)cc4cc23)c(Cl)cc1Cl,1
COc1cc(NS(=O)(=O)c2ccc(N)cc2)nc(OC)n1,0
COc1cc(OC)c(C(=O)CCCN2CCCC2)c(OC)c1,0
COc1cc2c(c(OC)c1OC)-c1ccc(OC)c(=O)cc1[C@@H](NC(C)=O)CC2,0
COc1cc2c(c3oc(=O)c4c(c13)CCC4=O)[C@@H]1C=CO[C@@H]1O2,0
COc1cc2c(Nc3ccc(Cl)cc3Cl)c(C#N)cnc2cc1OCCCN1CCC(O)CC1,0
COc1cc2c(Nc3ccc(Cl)cc3Cl)c(C#N)cnc2cc1OCCCN1CCN(C)CC1,0
COc1cc2c(Nc3ccc(Cl)cc3Cl)c(C#N)cnc2cc1OCCCN1CCOCC1,0
COc1cc2c3cc1Oc1cc(ccc1O)C[C@@H]1c4c(cc(OC)c(O)c4Oc4ccc(cc4)C[C@@H]3N(C)CC2)CC[N+]1(C)C.[Cl-],0
COc1cc2cn[nH]c2cc1-c1ccc(F)c2c(N)c(C(N)=O)cnc12,1
COc1cc2nc(N3CCN(C(=O)c4ccco4)CC3)nc(N)c2cc1OC,0
COc1cc2nc(N3CCN(C(=O)C4COc5ccccc5O4)CC3)nc(N)c2cc1OC,0
COc1cc2ncc(C#N)c(Nc3ccc(Cl)cc3Cl)c2cc1OC,0
COc1cc2ncc(C#N)c(Nc3ccc(Cl)cc3Cl)c2cc1OCCCN1CCOCC1,0
COc1cc2ncccc2cc1NC(=O)c1csc2cncnc12,0
COc1ccc(/C=C/C(=O)Nc2ccccc2C(=O)O)cc1OC,0
COc1ccc([C@@H]2Sc3ccccc3N(CCN(C)C)C(=O)[C@@H]2OC(C)=O)cc1,0
COc1ccc(C(=O)N2CCCC2=O)cc1,0
COc1ccc(C(=O)NC[C@@H](O)CO)cc1/C=C/c1ccc(Cl)cc1,0
COc1ccc(C(=O)NC[C@H](O)CO)cc1/C=C/c1ccc(Cl)cc1,0
COc1ccc(C(CN(C)C)C2(O)CCCCC2)cc1,0
COc1ccc(C[C@H](N)C(=O)N[C@H]2[C@@H](O)[C@H](n3cnc4c(N(C)C)ncnc43)O[C@@H]2CO)cc1,0
COc1ccc(C[C@H]2NC[C@H](O)[C@H]2OC(C)=O)cc1,0
COc1ccc(C2C(=O)c3ccccc3C2=O)cc1,0
COc1ccc(Cc2nccc3cc(OC)c(OC)cc23)cc1OC,0
COc1ccc(CCN(C)CCCC(C#N)(c2ccc(OC)c(OC)c2)C(C)C)cc1OC,0
COc1ccc(CCN2CCC(Nc3nc4ccccc4n3Cc3ccc(F)cc3)CC2)cc1,0
COc1ccc(Cl)cc1C(=O)NCCc1ccc(S(=O)(=O)NC(=O)NC2CCCCC2)cc1,0
COc1ccc(CN(C)C)c(-c2cc3c(Nc4ccc5[nH]ccc5c4C)c(C#N)cnc3s2)c1,0
COc1ccc(CN(CCN(C)C)c2ccccn2)cc1,0
COc1ccc(CN2CCNCC2)c(OC)c1OC,0
COc1ccc(N2Cc3cnc(Nc4ccc(F)cc4)nc3N([C@@H]3CC[C@@H](O)C3)C2=O)cc1,1
COc1ccc2[nH]c([S+]([O-])Cc3ncc(C)c(OC)c3C)nc2c1,0
COc1ccc2[nH]cc(CCNC(C)=O)c2c1,0
COc1ccc2c(c1)[C@]13CCCC[C@@H]1[C@H](C2)N(C)CC3,0
COc1ccc2c(c1)c(CC(=O)O)c(C)n2C(=O)c1ccc(Cl)cc1,0
COc1ccc2c(c1)c(CC(=O)OCC(=O)O)c(C)n2C(=O)c1ccc(Cl)cc1,0
COc1ccc2c(c1OC)C(=O)O[C@@H]2[C@H]1c2c(cc3c(c2OC)OCO3)CCN1C,0
COc1ccc2c3c1O[C@H]1C[C@@H](O)C=C[C@@]31CCN(C)C2,0
COc1ccc2cc([C@H](C)C(=O)O)ccc2c1,0
COc1ccc2cc(C(=O)Nc3ccc(O)cc3)c(=N)oc2c1,0
COc1ccc2cc(CC(=O)O)ccc2c1,0
COc1ccc2cc(CCC(C)=O)ccc2c1,0
COc1ccc2cc3[n+](cc2c1OC)CCc1cc2c(cc1-3)OCO2.[Cl-],0
COc1ccc2oc(=N)c(C(=O)Nc3ccc(O)cc3)cc2c1,0
COc1cccc(C2(O)CCCCC2CN(C)C)c1,0
COc1cccc2c1C(=O)c1c(O)c3c(c(O)c1C2=O)C[C@@](O)(C(=O)CO)C[C@@H]3O[C@H]1C[C@H](N)[C@@H](O)[C@H](C)O1,0
COc1cccc2c1C(=O)c1c(O)c3c(c(O)c1C2=O)C[C@@](O)(C(=O)CO)C[C@@H]3O[C@H]1C[C@H](N)[C@H](O)[C@H](C)O1,0
COc1cccc2c1C(=O)c1c(O)c3c(c(O)c1C2=O)C[C@@](O)(C(C)=O)C[C@@H]3O[C@H]1C[C@H](N)[C@H](O)[C@H](C)O1,0
COc1cccc2cc(C(=O)Nc3cccc(O)c3)c(=N)oc12,0
COc1ccccc1/C=C/c1nc(Nc2ccc3c(c2)OCO3)c2ccccc2n1,1
COc1ccccc1/C=C/c1nc2ccccc2c(=O)[nH]1,0
COc1ccccc1C(=O)N1CCC(Cc2ccccc2)CC1,0
COc1ccccc1N,0
COc1ccccc1OCC(O)CO,0
COc1ccccc1OCC(O)COC(N)=O,0
COc1ccccc1OCCNCC(O)COc1cccc2[nH]c3ccccc3c12,0
COc1ccnc(C[S+]([O-])c2nc3cc(OC(F)F)ccc3[nH]2)c1OC,0
COc1nc(C)nc(Cl)c1NC1=NCCN1,0
COc1ncnc(NS(=O)(=O)c2ccc(N)cc2)c1OC,0
COCC(=O)N1CCC[C@@H](c2nc(-c3ccc(C(=O)Nc4cc(C(F)(F)F)ccn4)cc3F)c3c(N)nccn23)C1,1
COCC(=O)N1CCO[C@@H](c2nc(-c3ccc(C(=O)Nc4cc(C(F)(F)F)ccn4)cc3F)c3c(N)nccn23)C1,1
COCC(=O)Nc1cccc2c1Cc1c-2n[nH]c1-c1csc(C#CCOc2ccccc2)c1,0
COCc1c(C(C)C)nc(C(C)C)c(/C=C/[C@@H](O)C[C@@H](O)CC(=O)O)c1-c1ccc(F)cc1,0
COCCc1ccc(OCC(O)CNC(C)C)cc1,0
COCCCOc1ccnc(C[S+]([O-])c2nc3ccccc3[nH]2)c1C,0
COCCOC(=O)C1=C(C)NC(C)=C(C(=O)OC(C)C)C1c1cccc([N+](=O)[O-])c1,0
COCCOc1cc2c(cc1OC)Cc1c(Nc3cc(OC)c(Cl)cc3Cl)ncnc1N2,0
COCCOCC#Cc1cc(-c2n[nH]c3c2Cc2ccc(Cn4cncn4)cc2-3)cs1,0
COCCOCC(=O)Nc1cccc2c1Cc1c-2n[nH]c1-c1csc(C#CCOc2ccccc2)c1,0
COP(=O)(OC)OC=C(Cl)Cl,0
COS(C)(=O)=O,0
CS(=O)(=O)c1ccc([C@@H](O)[C@@H](CO)NC(=O)C(Cl)Cl)cc1,0
CS(=O)(=O)c1ccc(C2=C(c3ccccc3)C(=O)OC2)cc1,0
CS(=O)(=O)Nc1ccc([N+](=O)[O-])cc1Oc1ccccc1,0
CS(=O)(=O)OCCCCOS(C)(=O)=O,0
CSc1ccc(/C=C2/C(C)=C(CC(=O)O)c3cc(F)ccc32)cc1,0
CSc1ccc2c(c1)N(CCC1CCCCN1C)c1ccccc1S2,0
CSc1nc(N2CCCC2)c2ccn(Cc3ccc(F)cc3)c2n1,0
CSc1nc(N2CCCCC2)c2ccn(Cc3ccc(F)cc3)c2n1,0
CSc1nc(N2CCOCC2)c2ccn(Cc3ccc(F)cc3)c2n1,0
CSc1nc(Nc2cccc(Cl)c2)c2ccn(CC(Cl)c3ccccc3)c2n1,0
CSc1nc(Nc2ccccc2)c2ccn(CC(Cl)c3ccccc3)c2n1,0
CSc1nc(NCc2ccccc2)c2ccn(CC(Cl)c3ccccc3)c2n1,0
CSc1nc(NCc2ccccc2)c2ccn(Cc3ccc(F)cc3)c2n1,0
CSc1nc(NCCc2ccc(Cl)cc2)c2ccn(Cc3ccc(F)cc3)c2n1,0
CSc1nc(NCCc2ccccc2)c2ccn(Cc3ccc(F)cc3)c2n1,0
FC(F)(F)CNc1nc(Nc2ccc(N3CCOCC3)c(Cl)c2)nc2ccoc12,0
FC(F)(F)CNc1nc(Nc2ccc3cn[nH]c3c2)nc2ccoc12,0
Fc1ccc([C@@H]2CCNC[C@H]2COc2ccc3c(c2)OCO3)cc1,0
Fc1ccc(C(c2ccc(F)cc2)N2CCN(C/C=C/c3ccccc3)CC2)cc1,0
Fc1cccc(Cl)c1CNc1nc(-c2ccco2)n[nH]1,1
N#C[C@H](O[C@@H]1O[C@H](CO[C@@H]2O[C@H](CO)[C@@H](O)[C@H](O)[C@H]2O)[C@@H](O)[C@H](O)[C@H]1O)c1ccccc1,0
N#CC(C#N)=Cc1ccc(O)c(O)c1,0
N#Cc1ccc(C(c2ccc(C#N)cc2)n2cncn2)cc1,0
N#Cc1cnc2cc(OCCCN3CCOCC3)c(OCCCN3CCOCC3)cc2c1Nc1ccc(Cl)cc1Cl,0
N[C@@H](Cc1ccc(F)cc1)C(=O)O,0
N[C@@H](Cc1ccc(N(CCCl)CCCl)cc1)C(=O)O,0
N[C@@H](Cc1ccc(O)c(O)c1)C(=O)O,0
N[C@@H](Cn1ccc(=O)c(O)c1)C(=O)O,0
N[C@@H]1[C@H]2CN(c3nc4c(cc3F)c(=O)c(C(=O)O)cn4-c3ccc(F)cc3F)C[C@@H]12,0
N[C@H](CSC(=S)NCc1ccccc1)C(=O)O,0
N=C(N)c1ccc(OCCCCCOc2ccc(C(=N)N)cc2)cc1,0
N=C(N)N/N=C/c1c(Cl)cccc1Cl,0
N=C(N)NC(=O)c1nc(Cl)c(N)nc1N,0
N=C(N)NC(=O)Cc1c(Cl)cccc1Cl,0
N=C(N)NCCCCNC(=N)N.O=S(=O)(O)O,0
N=C(N)NCCN1CCCCCCC1,0
N=c1oc2c(O)c(O)ccc2cc1C(=O)Nc1ccc(O)cc1,0
N=c1oc2c(O)c(O)ccc2cc1C(=O)Nc1cccc(CO)c1,0
N=c1oc2c(O)c(O)ccc2cc1C(=O)Nc1cccc(O)c1,0
N=c1oc2c(O)c(O)ccc2cc1C(=O)Nc1ccccc1,0
N=c1oc2c(O)c(O)ccc2cc1C(=O)Nc1ccccc1CO,0
N=c1oc2c(O)c(O)ccc2cc1C(=O)Nc1ccccc1O,0
N=c1oc2c(O)cccc2cc1C(=O)Nc1ccc(O)cc1,0
N=c1oc2c(O)cccc2cc1C(=O)Nc1ccccc1CO,0
N=c1oc2c(O)cccc2cc1C(=O)Nc1ccccc1O,0
N=c1oc2cc(O)cc(O)c2cc1C(=O)Nc1ccc(O)cc1,0
N=c1oc2cc(O)cc(O)c2cc1C(=O)Nc1cccc(O)c1,0
N=c1oc2cc(O)cc(O)c2cc1C(=O)Nc1ccccc1O,0
N=c1oc2cc(O)ccc2cc1C(=O)Nc1ccc(O)cc1,0
N=c1oc2cc(O)ccc2cc1C(=O)Nc1cccc(O)c1,0
N=c1oc2cc(O)ccc2cc1C(=O)Nc1ccccc1O,0
N=c1oc2ccc(O)cc2cc1C(=O)Nc1ccc(O)cc1,0
N=c1oc2ccc(O)cc2cc1C(=O)Nc1cccc(O)c1,0
N=c1oc2ccccc2cc1C(=O)Nc1ccc(O)cc1,0
N=c1oc2ccccc2cc1C(=O)Nc1cccc(O)c1,0
N=c1oc2ccccc2cc1C(=O)Nc1ccccc1O,0
NC(=O)C(Nc1c(Nc2ccncc2)c(=O)c1=O)c1cccc(O)c1,0
NC(=O)C(Nc1c(Nc2ccncc2)c(=O)c1=O)c1ccccc1,0
NC(=O)C[S+]([O-])C(c1ccccc1)c1ccccc1,0
NC(=O)c1c(OCc2c(F)cc(Br)cc2F)nsc1NC(=O)NCCCCN1CCCC1,1
NC(=O)c1cccc(N)c1,0
NC(=O)c1ccccc1O,0
NC(=O)c1cccnc1,0
NC(=O)C1CCN(CCCN2c3ccccc3Sc3ccc(Cl)cc32)CC1,0
NC(=O)c1cnccn1,0
NC(=O)c1ncn([C@@H]2O[C@H](CO)[C@@H](O)[C@H]2O)n1,0
NC(=O)CN1CCCC1=O,0
NC(=O)N1C(=O)/C(=C(\O)c2cccs2)c2cc(Cl)ccc21,0
NC(=O)N1c2ccccc2C=Cc2ccccc21,0
NC(=O)N1c2ccccc2CC(=O)c2ccccc21,0
NC(=O)NC(=O)Cc1ccccc1,0
NC(=O)NO,0
NC(CO)(CO)CO,0
NC(N)=Nc1nc(CSCC/C(N)=N/S(N)(=O)=O)cs1,0
NC[C@@H]1O[C@H](O[C@H]2[C@@H](O)[C@H](O[C@@H]3[C@@H](O)[C@H](N)C[C@H](N)[C@H]3O[C@H]3O[C@H](CN)[C@@H](O)[C@H](O)[C@H]3N)O[C@@H]2CO)[C@H](N)[C@@H](O)[C@@H]1O,0
NC[C@H]1CC[C@H](C(=O)O)CC1,0
NC[C@H]1O[C@H](O[C@H]2[C@H](O)[C@@H](O[C@H]3O[C@H](CO)[C@@H](O)[C@H](N)[C@H]3O)[C@H](N)C[C@@H]2N)[C@H](N)C[C@@H]1O,0
NC[C@H]1O[C@H](O[C@H]2[C@H](O)[C@@H](O[C@H]3O[C@H](CO)[C@@H](O)[C@H](N)[C@H]3O)[C@H](N)C[C@@H]2N)[C@H](O)[C@@H](O)[C@@H]1O,0
NC1=NC(=O)C(c2ccccc2)O1,0
NC12CC3CC(CC(C3)C1)C2,0
Nc1c(Br)cc(Br)cc1CN[C@H]1CC[C@H](O)CC1,0
Nc1c(CC(=O)O)cccc1C(=O)c1ccc(Br)cc1,0
Nc1c2c(=O)[nH]c(-c3ccccc3)cc2nn1-c1ccccc1,0
Nc1c2c(nc3ccccc13)CCCC2,0
Nc1cc(-c2ccncc2)c[nH]c1=O,0
Nc1cc(N2CCCCC2)nc(N)[n+]1[O-],0
NC1Cc2cc(O)c(O)cc2C1,0
Nc1ccc(C(=O)O)c(O)c1,0
Nc1ccc(S(=O)(=O)NC(=O)c2ccccc2)cc1,0
Nc1ccc(S(=O)(=O)Nc2ccnn2-c2ccccc2)cc1,0
Nc1ccc(S(=O)(=O)Nc2ncccn2)cc1,0
Nc1ccc(S(=O)(=O)Nc2nccs2)cc1,0
Nc1ccc(S(N)(=O)=O)cc1,0
Nc1ccn([C@@H]2CS[C@H](CO)O2)c(=O)n1,0
Nc1ccn([C@@H]2O[C@H](CO)[C@@H](O)[C@@H]2O)c(=O)n1,0
Nc1ccn([C@@H]2O[C@H](CO)[C@@H](O)C2(F)F)c(=O)n1,0
NC1CCN(c2nc3c(cc2F)c(=O)c(C(=O)O)cn3-c2ccc(F)cc2F)C1,0
Nc1n[nH]c2nccc(-c3ccc(NC(=O)Nc4cccc(C(F)(F)F)c4)cc3)c12,0
Nc1nc(=O)[nH]cc1F,0
Nc1nc(=O)c2c([nH]1)NCC(CNc1ccc(C(=O)N[C@@H](CCC(=O)O)C(=O)O)cc1)N2C=O,0
Nc1nc(Cl)nc2c1ncn2[C@H]1C[C@H](O)[C@@H](CO)O1,0
Nc1nc(F)nc2c1ncn2[C@@H]1O[C@H](CO)[C@@H](O)[C@@H]1O,0
Nc1nc(N)c2nc(-c3ccccc3)c(N)nc2n1,0
Nc1nc(N)c2nc(CNc3ccc(C(=O)N[C@@H](CCC(=O)O)C(=O)O)cc3)cnc2n1,0
Nc1nc(N)nc(-c2cc(Cl)ccc2Cl)n1.O=C(O)/C=C\C(=O)O,0
Nc1nc(N)nc(NC2CC2)n1,0
Nc1nc(O)c2ncn(CCC(CO)CO)c2n1,0
Nc1nc2[nH]cnc2c(=S)[nH]1,0
Nc1nc2c(ncn2COC(CO)CO)c(=O)[nH]1,0
Nc1nc2c(ncn2COCCO)c(=O)[nH]1,0
Nc1nc2cc(-c3nn(CC4OCCO4)c4ncnc(N)c34)ccc2o1,0
Nc1nc2ccc(OC(F)(F)F)cc2s1,0
Nc1nccn2c([C@@H]3CC[C@H]4CCC(=O)N4C3)nc(-c3ccc(C(=O)Nc4cc(C(F)(F)F)ccn4)cc3)c12,1
Nc1nccn2c([C@@H]3CC[C@H]4CCC(=O)N4C3)nc(-c3ccc(C(=O)Nc4cc(C(F)(F)F)ccn4)cc3OC3CC3)c12,0
Nc1nccn2c([C@@H]3CC[C@H]4COC(=O)N4C3)nc(-c3ccc(C(=O)Nc4cc(C(F)(F)F)ccn4)cc3)c12,1
Nc1nccn2c([C@@H]3CCCN(C4CCOCC4)C3)nc(-c3ccc(C(=O)Nc4cc(C(F)(F)F)ccn4)cc3F)c12,1
Nc1nccn2c([C@H]3CN(C4CCOCC4)CCO3)nc(-c3ccc(C(=O)Nc4cc(C(F)(F)F)ccn4)cc3F)c12,1
Nc1ncn([C@@H]2O[C@H](CO)[C@@H](O)[C@H]2O)c(=O)n1,0
Nc1ncnc2c1c(-c1ccc(Oc3ccccc3)cc1)cn2C[C@H]1CCCN1C[C@@H]1CO1,1
Nc1ncnc2c1c(-c1ccc(Oc3ccccc3)cc1)cn2C1CCCC1,1
Nc1nnc(-c2cccc(Cl)c2Cl)c(N)n1,0
NCC(=O)O,0
NCC(CC(=O)O)c1ccc(Cl)cc1,0
NCC[C@H](O)C(=O)N[C@@H]1C[C@H](N)[C@@H](O[C@H]2O[C@H](CN)[C@@H](O)[C@H](O)[C@H]2O)[C@H](O)[C@H]1O[C@H]1O[C@H](CO)[C@@H](O)[C@H](N)[C@H]1O,0
NCC1(CC(=O)O)CCCCC1,0
NCCCC(O)(P(=O)(O)O)P(=O)(O)O,0
NCCCC[C@H](N[C@@H](CCc1ccccc1)C(=O)O)C(=O)N1CCC[C@H]1C(=O)O,0
NCCCCCC(=O)O,0
NCCCNCCSP(=O)(O)O,0
NCCn1cc(-c2cc(-c3cc4ccccc4s3)c3[nH]ncc3c2)c2nc(N)ncc21,0
NN,0
Nn1nnc2ccccc21,0
NNC(=O)c1ccncc1,0
NNc1ccccc1,0
NNc1nncc2ccccc12,0
NNCCc1ccccc1,0
NS(=O)(=O)c1cc(C(=O)O)c(NCc2ccco2)cc1Cl,0
NS(=O)(=O)c1cc(C2(O)NC(=O)c3ccccc32)ccc1Cl,0
NS(=O)(=O)c1cc2c(cc1Cl)NC(C(Cl)Cl)NS2(=O)=O,0
NS(=O)(=O)c1cc2c(cc1Cl)NCNS2(=O)=O,0
O.O.O.O.O.O.[Cl-].[Cl-].[Sr+2],0
O=[As][O-].[Na+],0
O=[N+]([O-])c1cc([As](=O)(O)O)ccc1O,0
O=[N+]([O-])c1ccc(Cl)c(-c2[nH]ccc3c4ccccc4nc2-3)c1,0
O=[N+]([O-])c1cccc(/C=C/c2nc(Nc3cccc(O)c3)c3ccccc3n2)c1,0
O=C(/C=C/c1ccc(O)c(O)c1)O[C@H](Cc1ccc(O)c(O)c1)C(=O)O,0
O=C(/C=C/c1ccc(O)c(O)c1)OCCc1ccccc1,0
O=C(c1ccc(OCCN2CCCCC2)cc1)c1c(-c2ccc(O)cc2)sc2cc(O)ccc12,0
O=C(c1ccccc1)c1ccc2n1CCC2C(=O)O,0
O=C(C1CCCCC1)N1CC(=O)N2CCc3ccccc3C2C1,0
O=C(c1ccccc1C(F)(F)F)N1CCC(Cc2ccccc2)CC1,0
O=C(c1ccccc1Cl)N1CCC(Cc2ccccc2)CC1,0
O=C(c1ccccc1F)N1CCC(Cc2ccccc2)CC1,0
O=C(Cc1cccc(OCCCN2CCNCC2)c1)Nc1nc(-c2ccncc2)cs1,0
O=C(Cc1ccccc1)Nc1cccc(-c2nc3sccn3c2-c2ccnc(Nc3cccc(N4CCOCC4)c3)n2)c1,0
O=C(CCCN1CC=C(n2c(=O)[nH]c3ccccc32)CC1)c1ccc(F)cc1,0
O=C(CCCN1CCC(O)(c2ccc(Cl)cc2)CC1)c1ccc(F)cc1,0
O=C(N/N=C/c1ccc([N+](=O)[O-])o1)c1cc([N+](=O)[O-])cc([N+](=O)[O-])c1O,0
O=C(N[C@H](CO)[C@H](O)c1ccc([N+](=O)[O-])cc1)C(Cl)Cl,0
O=C(Nc1ccc(Br)cc1)c1cc(Br)cc(Br)c1O,0
O=C(Nc1cccc(-c2ccnc3cc(-c4ccncc4)nn23)c1)c1cccc(C(F)(F)F)c1,0
O=C(Nc1cccc(-c2cn3ccnc3c(NCc3ccncc3)n2)c1)Nc1cccc(C(F)(F)F)c1,0
O=C(NCCN1CCOCC1)c1ccc(Cl)cc1,0
O=C(O)C(Cl)(Cl)Cl,0
O=C(O)c1cc(/N=N/c2ccc(S(=O)(=O)Nc3ccccn3)cc2)ccc1O,0
O=C(O)c1cc(=O)c2c(OCC(O)COc3cccc4oc(C(=O)O)cc(=O)c34)cccc2o1,0
O=C(O)c1cc(-c2ccc(F)cc2F)ccc1O,0
O=C(O)c1ccccc1,0
O=C(O)c1ccccc1-c1c2ccc(=O)cc-2oc2cc(O)ccc12,0
O=C(O)c1ccccc1O,0
O=C(O)c1cccnc1,0
O=C(O)c1cccnc1Nc1cccc(C(F)(F)F)c1,0
O=C(O)c1cn(C2CC2)c2cc(N3CCNCC3)c(F)cc2c1=O,0
O=C(O)c1cn(-c2ccc(F)cc2)c2cc(N3CCNCC3)c(F)cc2c1=O,0
O=C(O)C1CN(Cc2ccc(OCc3ccc(Cl)c(Cl)c3)cc2)C1,0
O=C(O)CC(O)(CC(=O)O)C(=O)O,0
O=C(O)Cc1ccc(-c2ccccc2)cc1,0
O=C(O)Cc1ccccc1Nc1c(Cl)cccc1Cl,0
O=C(O)CCc1nc(-c2ccccc2)c(-c2ccccc2)o1,0
O=C(O)CCCC[C@@H]1CCSS1,0
O=C(O)CCCc1ccc(N(CCCl)CCCl)cc1,0
O=C(O)CCCc1cccs1,0
O=C(O)CCNC(=O)c1ccc(/N=N/c2ccc(O)c(C(=O)O)c2)cc1,0
O=C(O)CCNC(=O)c1ccccc1,0
O=C(O)CNCP(=O)(O)O,0
O=C(O)CO,0
O=C(O)COC(=O)Cc1ccccc1Nc1c(Cl)cccc1Cl,0
O=C(O)COc1ccc(C(=O)c2cccs2)c(Cl)c1Cl,0
O=C(O)P(=O)(O)O,0
O=C(OC[C@H]1O[C@@H](OC(=O)c2cc(O)c(O)c(OC(=O)c3cc(O)c(O)c(O)c3)c2)[C@H](OC(=O)c2cc(O)c(O)c(OC(=O)c3cc(O)c(O)c(O)c3)c2)[C@@H](OC(=O)c2cc(O)c(O)c(OC(=O)c3cc(O)c(O)c(O)c3)c2)[C@@H]1OC(=O)c1cc(O)c(O)c(OC(=O)c2cc(O)c(O)c(O)c2)c1)c1cc(O)c(O)c(OC(=O)c2cc(O)c(O)c(O)c2)c1,1
O=C(Oc1ccccc1C(=O)O)c1ccccc1O,0
O=C/C=C/c1ccccc1,0
O=c1[nH]c(=O)n([C@H]2C[C@H](O)[C@@H](CO)O2)cc1F,0
O=c1[nH]c(=O)n([C@H]2C[C@H](O)[C@@H](CO)O2)cc1I,0
O=c1[nH]c(=O)n(C2CCCO2)cc1F,0
O=c1[nH]c2cc(Cl)ccc2o1,0
O=c1[nH]c2ccccc2c2ccccc12,0
O=c1[nH]c2ccccc2n1CCCN1CCC(n2c(=O)[nH]c3cc(Cl)ccc32)CC1,0
O=c1[nH]cc(F)c(=O)[nH]1,0
O=c1[nH]cnc2c1ncn2[C@H]1CC[C@@H](CO)O1,0
O=c1c(-c2ccc(O)cc2)coc2cc(O)cc(O)c12,0
O=C1C(CC[S+]([O-])c2ccccc2)C(=O)N(c2ccccc2)N1c1ccccc1,0
O=C1C[C@@H]2OCC=C3CN4CC[C@]56c7ccccc7N1[C@H]5[C@H]2[C@H]3C[C@H]46,0
O=C1c2c(O)ccc(O)c2C(=O)c2c(NCCNCCO)ccc(NCCNCCO)c21,0
O=C1c2ccccc2C(=O)C1c1ccccc1,0
O=c1cc(-c2ccccc2)oc2c1ccc1ccccc12,0
O=c1cc(-c2ccccc2)oc2ccc3ccccc3c12,0
O=c1cc(N2CCOCC2)oc2c(-c3ccccc3)cccc12,0
O=C1CC[C@@]2(O)[C@H]3Cc4ccc(O)c5c4[C@@]2(CCN3CC2CC2)[C@H]1O5,0
O=C1CC[C@@H](N2C(=O)c3ccccc3C2=O)C(=O)N1,0
O=C1CC[C@H](N2C(=O)c3ccccc3C2=O)C(=O)N1,0
O=C1CC2(CCCC2)CC(=O)N1CCCCN1CCN(c2ncccn2)CC1,0
O=C1CCC(N2C(=O)c3ccccc3C2=O)C(=O)N1,0
O=C1CCc2cc(OCCCCc3nnnn3C3CCCCC3)ccc2N1,0
O=c1ccc2ccccc2o1,0
O=C1CN(/N=C/c2ccc([N+](=O)[O-])o2)C(=O)N1,0
O=C1CN=C(c2ccccc2)c2cc([N+](=O)[O-])ccc2N1,0
O=C1CN=C(c2ccccc2Cl)c2cc([N+](=O)[O-])ccc2N1,0
O=c1cnn([C@@H]2O[C@H](CO)[C@@H](O)[C@H]2O)c(=O)[nH]1,0
O=c1n(CCCN2CCN(c3cccc(Cl)c3)CC2)nc2ccccn12,0
O=C1NC(=O)C(c2ccccc2)(c2ccccc2)N1,0
O=C1Nc2ccc(Cl)cc2C(c2ccccc2Cl)=NC1O,0
O=C1NCc2c(-c3ccc(F)cc3F)cc(C3CCNCC3)cc2N1c1c(Cl)cccc1Cl,0
O=c1ncn2nc(Sc3ccc(F)cc3F)ccc2c1-c1c(Cl)cccc1Cl,0
O=C1O[C@H]([C@@H](O)CO)C(O)=C1O,0
O=c1oc2ccccc2c(O)c1Cc1c(O)c2ccccc2oc1=O,0
O=C1OCCN1/N=C/c1ccc([N+](=O)[O-])o1,0
O=NN(CCCl)C(=O)NC1CCCCC1,0
O=NN(CCCl)C(=O)NCCCl,0
O=P(O)(O)C(O)(Cc1cccnc1)P(=O)(O)O,0
O=P1(N(CCCl)CCCl)NCCCO1,0
O=P1(NCCCl)OCCCN1CCCl,0
O=S(=O)([O-])CCS.[Na+],0
OC(CCCN1CCCCC1)(c1ccccc1)c1ccccc1,0
OC(CCN1CCCCC1)(c1ccccc1)C1CCCCC1,0
OC(Cn1cncn1)(Cn1cncn1)c1ccc(F)cc1F,0
OC[C@@H](O)[C@@H](O)[C@H](O)[C@H](O)CO,0
OC[C@H]1O[C@@H]2O[C@H]3[C@H](O)[C@@H](O)[C@@H](O[C@H]4[C@H](O)[C@@H](O)[C@@H](O[C@H]5[C@H](O)[C@@H](O)[C@@H](O[C@H]6[C@H](O)[C@@H](O)[C@@H](O[C@H]7[C@H](O)[C@@H](O)[C@@H](O[C@H]1[C@H](O)[C@H]2O)O[C@@H]7CO)O[C@@H]6CO)O[C@@H]5CO)O[C@@H]4CO)O[C@@H]3CO,0
OC[C@H]1O[C@@H]2O[C@H]3[C@H](O)[C@@H](O)[C@@H](O[C@H]4[C@H](O)[C@@H](O)[C@@H](O[C@H]5[C@H](O)[C@@H](O)[C@@H](O[C@H]6[C@H](O)[C@@H](O)[C@@H](O[C@H]7[C@H](O)[C@@H](O)[C@@H](O[C@H]8[C@H](O)[C@@H](O)[C@@H](O[C@H]1[C@H](O)[C@H]2O)O[C@@H]8CO)O[C@@H]7CO)O[C@@H]6CO)O[C@@H]5CO)O[C@@H]4CO)O[C@@H]3CO,0
OC[C@H]1OC2C3[C@@H](CO)OC(O[C@H]4[C@H](O)[C@@H](O)[C@@H](O[C@H]5[C@H](O)[C@@H](O)[C@@H](O[C@H]6[C@H](O)[C@@H](O)[C@@H](O[C@H]7[C@H](O)[C@@H](O)[C@@H](O[C@H]8[C@H](O)[C@@H](O)[C@@H](O[C@H]9[C@H](O)[C@@H](O)C(OC1[C@H](O)[C@H]2O)O[C@@H]9CO)O[C@@H]8CO)O[C@@H]7CO)O[C@@H]6CO)O[C@@H]5CO)O[C@@H]4CO)[C@H](O)[C@H]3O,0
Oc1c(Cl)cc(Cl)c(Cl)c1Cc1c(O)c(Cl)cc(Cl)c1Cl,0
Oc1c(Cl)cc(Cl)cc1Sc1cc(Cl)cc(Cl)c1O,0
Oc1c(I)cc(I)c2cccnc12,0
Oc1cc2c(cc1O)CC(N1CCCCC1)C2,0
Oc1cc2c(cc1O)CC(NCc1ccccc1)C2,0
Oc1ccc(/C=C/c2cc(O)cc(O)c2)cc1,0
Oc1ccc(OCc2ccccc2)cc1,0
Oc1ccc2c3c1O[C@H]1[C@@H](O)CC[C@@]4(O)[C@@H](C2)N(CC2CCC2)CC[C@]314,0
Oc1cccc(Nc2nc(/C=C/c3cc4c(cc3Br)OCO4)nc3ccccc23)c1,0
Oc1cccc(O)c1O,1
Oc1cccc2cccnc12,0
Oc1ccccc1,0
Oc1ccccc1O,0
Oc1ncnc2[nH]ncc12,0
OCc1ccccc1,0
OCCN(CCO)c1nc(N2CCCCC2)c2nc(N(CCO)CCO)nc(N3CCCCC3)c2n1,0
OCCN1CCN(CCCN2c3ccccc3Sc3ccc(C(F)(F)F)cc32)CC1,0
OCCN1CCN(CCCN2c3ccccc3Sc3ccc(Cl)cc32)CC1,0
OCCO,0
OCCOCCN1CCN(C2=Nc3ccccc3Sc3ccccc32)CC1,0
S=C=Nc1cccc2ccccc12,0
Sc1ncnc2nc[nH]c12,0
